time,cityname,aqi,pm2_5,pm10,so2,no2,co,o3
2014/12/31,������,53,33,55,3,23,1,35
2015/1/31,������,31,18,29,7,10,0.5,45
2015/1/30,������,34,19,30,7,13,0.6,48
2015/1/29,������,31,18,31,7,15,0.5,32
2015/1/28,������,29,18,29,7,14,0.6,27
2015/1/27,������,29,20,29,6,15,0.6,26
2015/1/26,������,28,20,26,6,16,0.6,27
2015/1/25,������,29,20,24,6,13,0.5,33
2015/1/24,������,26,18,25,5,14,0.5,30
2015/1/23,������,27,16,27,4,21,0.6,31
2015/1/22,������,24,15,24,3,12,0.5,36
2015/1/21,������,27,19,27,4,10,0.5,43
2015/1/20,������,30,19,25,4,12,0.4,45
2015/1/19,������,34,22,21,4,15,0.5,47
2015/1/18,������,31,18,25,4,14,0.4,49
2015/1/17,������,32,17,20,4,11,0.5,46
2015/1/16,������,36,25,28,6,18,0.6,41
2015/1/15,������,28,19,25,5,16,0.6,36
2015/1/14,������,34,24,25,4,16,0.6,36
2015/1/13,������,29,21,26,2,14,0.5,40
2015/1/12,������,26,7,20,2,8,0.5,42
2015/1/11,������,28,10,22,2,10,0.4,44
2015/1/10,������,35,22,22,2,10,0.5,52
2015/1/9,������,35,21,26,2,10,0.5,56
2015/1/8,������,35,22,22,2,10,0.5,47
2015/1/7,������,35,20,27,2,14,0.5,52
2015/1/6,������,36,25,34,5,10,0.6,52
2015/1/5,������,33,21,33,6,14,0.7,31
2015/1/4,������,36,22,36,6,22,0.8,30
2015/1/3,������,38,25,38,4,17,0.6,27
2015/1/2,������,34,24,34,3,14,0.6,29
2015/1/1,������,38,26,38,3,13,0.6,28
2015/3/31,������,36,12,24,13,8,0.4,44
2015/3/30,������,27,14,25,4,8,0.4,42
2015/3/29,������,34,16,34,11,8,0.4,32
2015/3/28,������,39,22,39,9,10,0.4,45
2015/3/27,������,37,16,24,4,9,0.3,44
2015/3/26,������,31,15,23,5,7,0.3,46
2015/3/24,������,34,15,34,4,7,0.3,49
2015/3/23,������,35,14,31,3,7,0.3,54
2015/3/22,������,36,14,29,2,6,0.3,52
2015/3/21,������,33,12,32,3,5,0.4,49
2015/3/20,������,30,16,30,5,7,0.5,45
2015/3/19,������,31,14,28,3,8,0.5,48
2015/3/18,������,31,12,24,3,7,0.5,45
2015/3/17,������,32,15,32,8,7,0.3,49
2015/3/16,������,31,11,31,10,7,0.3,43
2015/3/15,������,33,16,33,14,5,0.2,41
2015/3/14,������,57,20,63,6,6,0.2,45
2015/3/13,������,29,11,25,5,6,0.2,45
2015/3/12,������,30,11,24,4,9,0.3,52
2015/3/11,������,35,13,35,6,7,0.3,48
2015/3/10,������,31,14,28,9,6,0.3,54
2015/3/9,������,29,13,25,3,8,0.2,42
2015/3/8,������,30,12,24,2,6,0.2,44
2015/3/7,������,35,12,23,2,5,0.2,47
2015/3/6,������,39,12,23,17,6,0.3,53
2015/3/5,������,33,11,22,12,5,0.3,46
2015/3/4,������,27,12,20,20,8,0.5,36
2015/3/3,������,27,17,26,20,9,0.5,39
2015/3/2,������,29,10,23,13,7,0.5,43
2015/3/1,������,29,13,18,19,6,0.4,42
2015/12/31,������,41,24,41,6,24,0.6,
2015/12/30,������,50,30,50,8,27,0.8,
2015/12/29,������,51,21,52,16,26,0.5,
2015/12/28,������,49,24,49,3,28,0.3,
2015/12/27,������,43,20,43,5,22,0.1,
2015/12/26,������,38,19,38,3,16,0.1,
2015/12/25,������,39,20,36,2,17,0.2,
2015/12/24,������,40,22,40,3,28,0.2,
2015/12/23,������,39,19,39,5,20,0.1,
2015/12/21,������,38,20,38,6,16,0.1,
2015/12/20,������,38,17,34,5,15,0.1,
2015/12/18,������,39,18,39,7,17,0.4,
2015/12/17,������,34,15,34,5,12,0.5,
2015/12/16,������,43,17,30,8,6,0.5,
2015/12/15,������,41,20,26,4,4,0.5,
2015/12/14,������,36,16,30,4,14,0.6,
2015/12/13,������,42,16,42,8,14,0.6,
2015/12/12,������,49,25,49,8,23,0.6,
2015/12/11,������,42,19,42,10,23,0.5,
2015/12/10,������,52,21,53,6,27,0.7,
2015/12/9,������,32,18,32,3,17,0.5,
2015/12/8,������,37,17,37,3,19,0.5,
2015/12/7,������,48,18,48,4,21,0.5,
2015/12/6,������,47,15,47,3,14,0.2,
2015/12/5,������,40,16,40,5,6,0.1,
2015/12/4,������,48,21,48,7,13,0.3,
2015/12/2,������,49,16,49,6,19,0.1,
2015/12/1,������,52,19,54,7,21,0.2,
2015/4/30,������,42,15,33,5,7,0.3,67
2015/4/29,������,41,11,28,6,6,0.4,62
2015/4/28,������,44,9,30,4,6,0.3,72
2015/4/27,������,44,12,35,4,6,0.2,68
2015/4/26,������,44,17,28,5,7,0.2,55
2015/4/25,������,37,18,30,4,7,0.3,58
2015/4/24,������,43,15,29,11,8,0.3,48
2015/4/23,������,35,20,35,4,9,0.5,33
2015/4/22,������,34,13,31,7,8,0.4,50
2015/4/21,������,40,17,40,4,7,0.4,50
2015/4/20,������,45,20,45,4,7,0.4,46
2015/4/19,������,53,21,56,8,6,0.6,63
2015/4/18,������,41,22,19,14,8,0.5,66
2015/4/17,������,41,18,30,11,8,0.5,57
2015/4/16,������,35,18,30,8,7,0.3,50
2015/4/15,������,34,17,34,9,7,0.4,44
2015/4/14,������,36,15,34,6,7,0.4,57
2015/4/13,������,41,13,28,4,6,0.3,58
2015/4/12,������,40,15,37,2,6,0.3,59
2015/4/11,������,41,21,40,5,5,0.3,67
2015/4/10,������,34,12,29,6,7,0.5,47
2015/4/9,������,39,17,31,6,6,0.4,51
2015/4/8,������,36,13,29,5,7,0.4,41
2015/4/7,������,33,11,29,10,6,0.4,54
2015/4/6,������,35,15,27,11,6,0.5,51
2015/4/5,������,36,19,36,11,5,0.5,42
2015/4/4,������,41,18,41,9,6,1.4,57
2015/4/3,������,39,18,35,7,6,1.1,61
2015/4/2,������,52,22,54,8,8,0.3,62
2015/4/1,������,37,13,34,9,9,0.3,60
2015/5/31,������,33,21,31,10,12,0.3,55
2015/5/30,������,40,19,29,9,12,0.3,56
2015/5/29,������,40,17,29,8,14,0.3,58
2015/5/28,������,34,21,34,10,16,0.4,57
2015/5/27,������,34,15,33,8,12,0.4,37
2015/5/26,������,35,22,29,7,9,0.3,44
2015/5/25,������,28,18,28,8,14,0.4,42
2015/5/24,������,29,17,19,8,15,0.3,38
2015/5/23,������,29,16,18,5,18,0.3,44
2015/5/22,������,30,18,16,7,16,0.2,50
2015/5/21,������,29,16,22,9,21,0.2,39
2015/5/20,������,35,17,25,6,22,0.2,49
2015/5/19,������,33,17,29,12,22,0.3,50
2015/5/18,������,34,22,32,6,14,0.3,43
2015/5/17,������,35,25,32,11,10,0.3,46
2015/5/16,������,34,16,26,9,11,0.4,45
2015/5/15,������,32,14,26,19,11,0.5,44
2015/5/14,������,36,16,31,14,12,0.4,52
2015/5/13,������,35,13,29,12,11,0.4,57
2015/5/12,������,36,10,25,9,9,0.3,55
2015/5/11,������,54,17,59,9,7,0.3,75
2015/5/10,������,40,13,36,13,7,0.3,64
2015/5/9,������,41,13,31,10,7,0.2,63
2015/5/8,������,47,14,26,12,8,0.3,72
2015/5/7,������,38,16,28,7,7,0.3,54
2015/5/6,������,51,9,18,10,8,0.3,70
2015/5/5,������,40,18,25,6,7,0.3,51
2015/5/4,������,31,18,22,7,6,0.4,50
2015/5/3,������,37,24,28,7,5,0.3,58
2015/5/2,������,40,21,39,6,6,0.2,61
2015/5/1,������,45,20,45,7,5,0.3,57
2016/3/31,������,55,16,35,6,14,0.5,
2016/3/30,������,58,14,32,10,15,0.5,
2016/3/29,������,51,19,28,8,12,0.7,
2016/3/28,������,54,19,33,4,12,0.7,
2016/3/27,������,55,16,32,7,14,1,
2016/3/26,������,52,18,30,5,13,0.6,
2016/3/25,������,60,17,38,4,12,0.6,
2016/3/24,������,59,22,40,5,12,0.8,
2016/3/23,������,46,18,22,4,12,1.1,
2016/3/22,������,62,20,30,6,12,0.9,
2016/3/21,������,62,16,34,5,15,0.8,
2016/3/20,������,62,18,40,6,14,0.8,
2016/3/19,������,60,18,37,4,14,0.7,
2016/3/18,������,55,22,56,7,16,0.8,
2016/3/17,������,56,29,62,6,12,0.8,
2016/3/16,������,62,17,34,4,14,0.8,
2016/3/15,������,54,15,28,5,11,1,
2016/3/14,������,46,20,43,6,16,0.9,
2016/3/13,������,48,19,48,6,16,0.8,
2016/3/12,������,54,18,42,6,16,0.7,
2016/3/11,������,47,29,47,8,15,0.8,
2016/3/10,������,52,20,39,6,16,0.7,
2016/3/9,������,57,22,32,6,18,1,
2016/3/8,������,57,26,36,8,17,1,
2016/3/7,������,45,24,34,6,15,0.8,
2016/3/6,������,45,29,45,7,16,0.9,
2016/3/5,������,56,33,61,6,15,0.8,
2016/3/4,������,48,24,48,6,13,0.7,
2016/3/3,������,43,24,41,4,16,0.9,
2016/3/2,������,47,28,47,4,16,1.2,
2016/3/1,������,35,24,34,10,16,1.1,
2015/6/30,������,27,17,27,11,10,0.3,46
2015/6/29,������,26,18,25,11,8,0.4,53
2015/6/28,������,21,14,17,15,9,0.3,51
2015/6/27,������,30,13,25,13,9,0.3,38
2015/6/26,������,25,8,17,9,10,0.5,34
2015/6/25,������,30,16,30,15,5,0.4,27
2015/6/24,������,46,32,39,12,6,0.5,20
2015/6/23,������,41,27,41,11,6,0.4,28
2015/6/22,������,30,17,30,13,9,0.4,48
2015/6/21,������,35,17,22,10,8,0.4,51
2015/6/20,������,32,23,30,8,8,0.4,42
2015/6/19,������,34,19,34,7,8,0.5,30
2015/6/18,������,38,26,20,7,5,0.4,32
2015/6/17,������,49,34,18,8,7,0.4,30
2015/6/16,������,32,19,26,9,8,0.4,54
2015/6/15,������,42,29,23,8,10,0.4,43
2015/6/14,������,46,32,23,6,10,0.4,40
2015/6/13,������,36,21,27,10,9,0.4,46
2015/6/12,������,36,24,31,6,10,0.4,46
2015/6/11,������,39,22,39,20,9,0.3,60
2015/6/10,������,40,23,39,8,9,0.3,49
2015/6/9,������,41,28,30,13,10,0.4,43
2015/6/8,������,36,25,29,12,11,0.4,35
2015/6/7,������,41,29,34,8,11,0.4,47
2015/6/6,������,32,22,31,12,12,0.4,44
2015/6/5,������,39,23,39,11,13,0.4,44
2015/6/4,������,38,25,27,25,12,0.4,55
2015/6/3,������,31,21,19,11,16,0.4,49
2015/6/2,������,29,20,25,15,13,0.4,34
2015/6/1,������,36,25,33,10,13,0.3,51
2016/2/29,������,44,22,30,4,16,0.7,
2016/2/28,������,45,18,30,3,14,0.6,
2016/2/27,������,54,18,28,3,12,0.5,
2016/2/26,������,53,19,32,6,10,0.5,
2016/2/25,������,46,20,43,2,10,0.5,
2016/2/24,������,44,16,30,8,10,0.7,
2016/2/23,������,49,18,39,16,9,1.3,
2016/2/22,������,45,20,42,12,10,1.4,
2016/2/21,������,57,26,64,8,12,1.4,
2016/2/20,������,70,24,90,6,14,1.3,
2016/2/19,������,73,26,95,7,10,1.2,
2016/2/18,������,59,22,68,8,11,1.2,
2016/2/17,������,61,22,71,9,11,1.2,
2016/2/16,������,41,16,32,10,11,1.2,
2016/2/15,������,42,16,30,7,11,1.2,
2016/2/14,������,49,20,35,8,10,1.2,
2016/2/13,������,48,23,34,8,12,1.2,
2016/2/12,������,49,22,32,9,10,1.2,
2016/2/11,������,49,22,26,7,10,1.2,
2016/2/10,������,39,27,33,16,15,1.1,
2016/2/9,������,39,24,30,10,10,1.2,
2016/2/8,������,54,38,52,12,12,1.1,
2016/2/7,������,44,21,34,13,11,1,
2016/2/6,������,45,18,34,10,12,1,
2016/2/5,������,44,20,34,8,13,1,
2016/2/4,������,47,19,38,9,14,0.9,
2016/2/3,������,35,22,34,9,14,0.9,
2016/2/2,������,43,30,42,9,15,0.9,
2016/2/1,������,49,32,49,7,17,0.9,
2016/5/31,������,52,25,53,8,10,0.6,
2016/5/30,������,54,16,23,9,8,0.7,
2016/5/29,������,43,18,26,7,8,0.6,
2016/5/28,������,53,20,16,6,8,0.6,
2016/5/27,������,49,19,22,6,8,0.7,
2016/5/26,������,44,11,19,4,7,0.7,
2016/5/25,������,46,16,36,4,10,0.7,
2016/5/24,������,49,13,36,6,10,0.4,
2016/5/23,������,61,11,28,5,8,0.3,
2016/5/22,������,46,12,22,6,10,0.4,
2016/5/21,������,55,14,32,7,8,0.3,
2016/5/20,������,69,15,42,12,8,0.3,
2016/5/19,������,47,14,34,10,10,0.5,
2016/5/18,������,44,13,37,5,12,0.6,
2016/5/17,������,51,10,24,8,14,0.7,
2016/5/16,������,47,14,28,7,8,0.7,
2016/5/15,������,59,12,20,5,11,0.7,
2016/5/14,������,64,18,26,6,10,1.1,
2016/5/13,������,82,18,30,2,12,1.3,
2016/5/12,������,60,16,34,6,12,1,
2016/5/11,������,62,18,32,3,14,1,
2016/5/10,������,52,19,34,8,12,1,
2016/5/9,������,65,19,45,6,10,0.9,
2016/5/8,������,58,22,24,4,13,0.5,
2016/5/7,������,49,19,25,9,18,0.4,
2016/5/6,������,64,28,48,8,15,0.8,
2016/5/5,������,74,28,50,10,16,0.7,
2016/5/4,������,71,22,48,7,12,0.5,
2016/5/3,������,74,22,57,20,12,0.8,
2016/5/2,������,75,16,40,7,8,0.8,
2016/5/1,������,70,16,34,8,12,0.5,
2015/11/30,������,46,17,46,7,18,0.2,
2015/11/29,������,42,15,42,8,9,0.2,
2015/11/28,������,33,15,29,4,3,0.2,
2015/11/27,������,30,14,30,4,17,0.3,
2015/11/26,������,33,11,31,4,21,0.2,
2015/11/24,������,46,16,46,10,23,0.4,
2015/11/23,������,39,15,39,8,24,0.4,
2015/11/22,������,37,16,37,9,22,0.4,
2015/11/21,������,30,13,30,8,20,0.5,
2015/11/20,������,29,11,27,9,18,0.4,
2015/11/19,������,30,10,22,22,9,0.4,
2015/11/18,������,33,12,26,3,7,0.4,
2015/11/17,������,36,14,36,5,13,0.5,
2015/11/16,������,36,12,28,4,15,0.4,
2015/11/15,������,35,13,32,3,12,0.4,
2015/11/14,������,35,13,35,5,20,0.3,
2015/11/13,������,39,12,24,4,9,0.3,
2015/11/12,������,41,15,24,4,5,0.2,
2015/11/11,������,41,14,27,4,9,0.3,
2015/11/10,������,43,17,24,19,14,0.7,
2015/11/9,������,35,16,25,5,20,0.2,
2015/11/8,������,38,17,24,9,13,0.1,
2015/11/7,������,42,18,23,12,16,0.2,
2015/11/6,������,39,18,26,7,17,0.3,
2015/11/5,������,43,17,26,10,18,0.2,
2015/11/4,������,34,18,31,6,24,0.3,
2015/11/3,������,35,14,35,12,24,0.3,
2015/11/2,������,34,16,34,9,24,0.2,
2015/11/1,������,50,16,50,9,22,0.2,
2015/8/31,������,40,28,31,6,5,0.5,
2015/8/30,������,41,26,29,5,4,0.5,
2015/8/29,������,43,30,35,5,5,0.4,
2015/8/28,������,38,26,36,3,6,0.5,
2015/8/27,������,42,29,40,16,10,0.5,
2015/8/26,������,52,28,53,7,13,0.4,
2015/8/25,������,47,27,47,5,10,0.4,
2015/8/24,������,50,31,50,3,16,0.4,
2015/8/23,������,48,25,45,5,10,0.2,
2015/8/21,������,48,32,48,2,11,0.4,
2015/8/20,������,49,25,49,12,7,0.5,
2015/8/19,������,42,29,40,3,4,0.4,
2015/8/18,������,39,27,34,3,5,0.5,
2015/8/17,������,39,27,31,2,5,0.5,
2015/8/16,������,35,22,35,3,4,0.5,
2015/8/15,������,39,15,39,2,4,0.5,
2015/8/14,������,45,25,45,3,6,0.4,
2015/8/13,������,54,13,26,13,10,0.6,
2015/8/12,������,48,14,23,5,12,0.3,
2015/8/11,������,39,27,29,5,11,0.2,
2015/8/10,������,45,27,32,3,13,0.2,
2015/8/9,������,40,28,24,4,13,0.4,
2015/8/8,������,65,26,79,4,12,0.3,
2015/8/7,������,51,28,51,6,13,0.3,
2015/8/6,������,46,31,46,14,12,0.6,
2015/8/5,������,41,20,28,4,5,0.3,
2015/8/4,������,38,26,30,2,7,0.4,
2015/8/3,������,36,25,26,1,4,0.3,
2016/11/30,������,53,23,56,14,18,0.6,
2016/11/29,������,47,25,47,18,18,0.6,
2016/11/28,������,53,26,55,16,20,0.6,
2016/11/27,������,52,28,54,18,21,0.6,
2016/11/26,������,55,26,60,23,16,0.5,
2016/11/25,������,52,23,54,14,17,0.6,
2016/11/24,������,51,25,52,16,18,0.7,
2016/11/23,������,55,30,60,18,21,0.7,
2016/11/22,������,48,24,48,16,20,0.6,
2016/11/21,������,48,26,48,9,20,0.6,
2016/11/20,������,46,24,46,14,17,0.4,
2016/11/19,������,51,20,52,13,18,0.6,
2016/11/18,������,44,18,44,16,16,0.5,
2016/11/17,������,41,18,41,14,14,0.5,
2016/11/16,������,48,22,48,14,18,0.6,
2016/11/15,������,53,24,55,13,19,0.6,
2016/11/14,������,58,30,66,14,20,0.6,
2016/11/13,������,54,32,58,15,18,0.6,
2016/11/12,������,52,24,54,12,17,0.6,
2016/11/11,������,51,17,52,12,16,0.4,
2016/11/10,������,40,14,40,10,12,0.4,
2016/11/9,������,38,16,38,8,10,0.4,
2016/11/8,������,29,13,26,13,10,0.6,
2016/11/7,������,36,18,36,12,10,0.6,
2016/11/6,������,50,19,50,10,18,0.5,
2016/11/5,������,50,18,50,14,17,0.4,
2016/11/4,������,34,15,33,15,13,0.4,
2016/11/3,������,39,18,39,14,14,0.4,
2016/11/2,������,46,23,46,10,15,0.4,
2016/11/1,������,40,19,38,8,16,0.4,
2015/2/28,������,38,12,18,16,7,0.2,46
2015/2/27,������,29,11,26,14,6,0.3,42
2015/2/26,������,26,10,26,13,7,0.2,42
2015/2/25,������,30,11,30,12,7,0.3,36
2015/2/24,������,48,19,48,11,8,0.3,35
2015/2/23,������,34,12,34,11,8,0.3,40
2015/2/22,������,32,11,30,13,6,0.2,46
2015/2/21,������,30,13,30,11,6,0.2,41
2015/2/20,������,29,16,26,10,6,0.2,34
2015/2/19,������,41,28,41,14,7,0.3,35
2015/2/18,������,23,13,23,10,7,0.2,34
2015/2/17,������,26,12,26,8,8,0.2,39
2015/2/16,������,51,18,52,10,8,0.3,43
2015/2/15,������,53,18,55,9,10,0.4,37
2015/2/14,������,26,18,26,12,9,0.3,34
2015/2/13,������,28,10,20,7,11,0.3,38
2015/2/12,������,24,13,24,6,9,0.3,33
2015/2/11,������,27,13,25,7,10,0.3,37
2015/2/10,������,25,18,23,9,9,0.3,33
2015/2/9,������,29,19,29,8,11,0.5,29
2015/2/8,������,38,20,38,7,10,0.7,31
2015/2/7,������,40,20,40,6,9,0.4,29
2015/2/6,������,25,17,25,4,10,0.2,29
2015/2/5,������,35,22,35,5,16,0.4,31
2015/2/4,������,24,12,21,6,18,0.4,32
2015/2/3,������,27,16,18,5,12,0.4,39
2015/2/2,������,29,19,24,3,10,0.3,44
2015/2/1,������,33,17,22,4,9,0.3,50
2015/7/31,������,38,24,31,20,7,0.2,
2015/7/30,������,43,30,41,9,12,0.3,
2015/7/29,������,50,35,36,5,10,0.3,
2015/7/28,������,43,30,37,5,10,0.3,
2015/7/27,������,44,29,33,4,10,0.4,
2015/7/26,������,48,28,36,3,10,0.3,
2015/7/25,������,55,25,31,2,9,0.3,
2015/7/24,������,52,20,27,14,8,0.2,
2015/7/23,������,62,23,31,4,8,0.3,
2015/7/22,������,50,22,33,5,8,0.4,
2015/7/21,������,32,19,32,3,8,0.5,
2015/7/20,������,37,20,27,2,9,0.2,
2015/7/19,������,48,14,20,3,8,0.2,136
2015/7/18,������,52,13,16,8,8,0.2,106
2015/7/17,������,50,13,11,3,8,0.4,110
2015/7/16,������,44,16,14,2,6,0.4,96
2015/7/15,������,48,14,21,2,7,0.6,103
2015/7/14,������,40,19,27,3,9,0.7,84
2015/7/13,������,33,16,33,13,9,0.5,57
2015/7/12,������,33,17,33,9,10,0.5,66
2015/7/11,������,42,14,28,9,9,0.3,94
2015/7/10,������,44,13,32,7,8,0.4,98
2015/7/9,������,39,16,31,7,8,0.4,88
2015/7/8,������,37,20,37,7,7,0.4,80
2015/7/7,������,40,14,34,7,7,0.4,87
2015/7/6,������,42,10,23,5,6,0.5,100
2015/7/5,������,46,14,26,5,6,0.5,110
2015/7/4,������,25,11,25,8,7,0.3,47
2015/7/3,������,30,14,30,8,9,0.4,48
2015/7/2,������,36,19,36,8,9,0.4,41
2015/7/1,������,31,15,31,10,11,0.3,39
2016/1/31,������,45,24,39,6,14,0.7,
2016/1/30,������,43,22,34,7,18,0.7,
2016/1/29,������,45,19,30,8,18,0.6,
2016/1/28,������,45,18,28,8,18,0.6,
2016/1/27,������,42,22,42,12,14,0.7,
2016/1/26,������,41,20,32,9,15,0.6,
2016/1/25,������,39,21,36,14,18,0.6,
2016/1/24,������,43,22,39,9,14,0.5,
2016/1/23,������,58,23,66,8,11,0.5,
2016/1/22,������,49,24,49,6,12,0.5,
2016/1/21,������,58,29,65,12,16,1,
2016/1/20,������,42,24,42,6,16,1.1,
2016/1/19,������,36,25,35,9,24,1.1,
2016/1/18,������,35,20,30,10,20,1,
2016/1/17,������,35,20,30,7,20,0.9,
2016/1/16,������,39,20,27,6,16,0.8,
2016/1/15,������,32,20,32,14,20,0.9,
2016/1/14,������,37,25,37,6,16,0.7,
2016/1/13,������,40,28,35,7,24,1.1,
2016/1/12,������,40,24,40,7,18,0.7,
2016/1/11,������,42,22,42,6,14,0.5,
2016/1/10,������,36,19,28,6,12,0.6,
2016/1/9,������,34,22,34,6,21,0.6,
2016/1/8,������,35,18,32,6,20,0.5,
2016/1/7,������,38,24,38,8,22,0.6,
2016/1/6,������,40,24,40,13,24,0.7,
2016/1/5,������,40,26,40,8,32,0.9,
2016/1/4,������,43,30,41,8,24,1,
2016/1/3,������,38,24,38,6,23,0.5,
2016/1/2,������,32,19,27,4,16,0.4,
2016/1/1,������,36,20,36,4,19,0.4,
2015/9/30,������,47,24,47,6,8,0.5,
2015/9/29,������,51,29,51,6,9,0.4,
2015/9/28,������,53,28,55,4,7,0.3,
2015/9/27,������,52,31,54,7,7,0.5,
2015/9/24,������,42,29,39,6,6,0.4,
2015/9/23,������,43,24,43,5,6,0.4,
2015/9/22,������,39,21,39,3,8,0.4,
2015/9/21,������,39,24,39,5,6,0.9,
2015/9/19,������,36,15,28,5,6,0.5,
2015/9/18,������,31,16,22,5,5,0.5,
2015/9/17,������,29,17,29,3,6,0.5,
2015/9/15,������,33,13,33,5,5,0.4,
2015/9/14,������,42,23,42,5,5,0.7,
2015/9/13,������,50,35,47,6,5,0.6,
2015/9/11,������,52,36,41,4,5,0.5,
2015/9/10,������,53,37,48,3,4,0.6,
2015/9/9,������,50,35,47,19,3,0.6,
2015/9/8,������,50,33,50,6,5,0.6,
2015/9/7,������,46,32,42,3,6,0.5,
2015/9/6,������,35,24,35,4,3,0.4,
2015/9/5,������,45,31,37,7,6,0.5,
2015/9/3,������,45,31,36,4,5,0.6,
2015/9/2,������,42,29,42,4,8,0.6,
2015/9/1,������,45,31,44,4,9,0.6,
2015/10/31,������,41,12,41,9,18,0.1,
2015/10/30,������,39,15,39,12,16,0.1,
2015/10/29,������,42,16,35,22,13,0.4,
2015/10/28,������,44,16,44,9,16,0.5,
2015/10/26,������,40,21,40,5,14,0.4,
2015/10/25,������,45,24,45,6,13,0.4,
2015/10/24,������,39,21,39,3,9,0.5,
2015/10/23,������,46,23,46,5,11,0.5,
2015/10/22,������,43,23,34,7,12,0.5,
2015/10/21,������,40,19,40,7,17,0.4,
2015/10/20,������,38,14,38,5,20,0.5,
2015/10/19,������,33,12,29,7,13,0.5,
2015/10/18,������,38,11,21,4,6,0.4,
2015/10/17,������,33,17,23,7,10,0.5,
2015/10/16,������,36,17,36,4,13,0.4,
2015/10/15,������,38,17,38,5,13,0.4,
2015/10/14,������,36,18,36,6,11,0.3,
2015/10/13,������,35,20,35,32,9,0.3,
2015/10/12,������,39,21,39,4,11,0.4,
2015/10/11,������,36,19,36,3,7,0.4,
2015/10/10,������,36,17,36,5,5,0.3,
2015/10/9,������,31,17,27,5,8,0.3,
2015/10/8,������,34,15,25,7,6,0.3,
2015/10/7,������,30,17,24,6,6,0.4,
2015/10/6,������,35,19,35,5,6,0.2,
2015/10/5,������,42,22,42,7,10,0.5,
2015/10/4,������,29,18,26,3,5,0.3,
2015/10/3,������,37,19,30,5,5,0.3,
2015/10/2,������,38,19,38,4,5,0.4,
2015/10/1,������,78,36,106,5,10,0.5,
2016/12/31,������,38,21,36,14,16,0.9,
2016/12/30,������,36,18,36,13,20,0.6,
2016/12/29,������,41,20,41,14,20,0.7,
2016/12/28,������,42,22,42,14,18,0.7,
2016/12/27,������,38,20,38,13,14,0.6,
2016/12/26,������,42,26,42,14,10,0.6,
2016/12/25,������,51,26,52,18,22,0.8,
2016/12/24,������,57,32,64,14,23,0.9,
2016/12/23,������,54,26,58,17,25,0.8,
2016/12/22,������,55,28,60,14,23,0.8,
2016/12/21,������,52,26,54,14,20,0.6,
2016/12/20,������,55,29,60,18,20,0.8,
2016/12/19,������,61,30,71,18,24,0.8,
2016/12/18,������,55,26,60,18,21,0.7,
2016/12/17,������,53,30,56,16,22,0.8,
2016/12/16,������,51,24,52,16,21,0.8,
2016/12/15,������,55,35,60,15,24,1,
2016/12/14,������,57,35,64,14,22,0.8,
2016/12/13,������,78,34,106,15,30,1,
2016/12/12,������,67,44,84,15,26,0.8,
2016/12/11,������,57,37,64,15,24,0.8,
2016/12/10,������,53,32,56,17,23,0.8,
2016/12/9,������,48,28,48,16,22,0.8,
2016/12/8,������,53,23,56,15,24,0.8,
2016/12/7,������,46,24,46,15,18,0.6,
2016/12/6,������,47,24,47,20,22,0.7,
2016/12/5,������,52,27,53,16,22,0.6,
2016/12/4,������,42,18,42,14,18,0.4,
2016/12/3,������,46,18,36,15,13,0.5,
2016/12/2,������,32,14,24,12,13,0.6,
2016/12/1,������,42,16,32,14,12,0.4,
2017/1/31,������,50,8,14,9,7,0.6,
2017/1/30,������,46,6,17,8,6,0.4,
2017/1/29,������,49,12,30,9,5,0.5,
2017/1/28,������,44,17,30,12,6,0.5,
2017/1/27,������,38,13,25,11,8,0.6,
2017/1/26,������,37,13,20,10,10,0.6,
2017/1/25,������,37,13,22,11,12,0.5,
2017/1/24,������,47,13,24,10,9,0.6,
2017/1/23,������,45,12,21,11,11,0.5,
2017/1/22,������,36,16,26,9,13,0.6,
2017/1/21,������,45,19,45,12,12,0.6,
2017/1/20,������,45,16,25,7,10,0.6,
2017/1/19,������,42,11,26,11,13,0.7,
2017/1/18,������,46,10,21,12,13,0.7,
2017/1/17,������,50,13,31,16,17,0.8,
2017/1/16,������,45,9,21,11,12,0.6,
2017/1/15,������,43,11,22,9,14,0.6,
2017/1/14,������,47,11,21,8,15,0.7,
2017/1/13,������,40,13,26,10,16,0.8,
2017/1/12,������,41,16,27,9,12,0.7,
2017/1/11,������,46,11,24,10,14,0.6,
2017/1/10,������,41,11,29,12,19,0.8,
2017/1/9,������,34,13,31,13,20,0.9,
2017/1/8,������,42,12,29,14,18,0.7,
2017/1/7,������,44,14,26,14,15,0.7,
2017/1/6,������,35,14,24,12,15,0.6,
2017/1/5,������,39,12,28,13,16,0.6,
2017/1/4,������,41,21,41,16,22,0.9,
2017/1/3,������,41,18,35,16,20,0.7,
2017/1/2,������,40,22,40,14,20,0.9,
2017/1/1,������,38,20,38,12,20,0.7,
2016/4/30,������,85,16,30,10,14,0.6,
2016/4/29,������,52,16,34,9,16,0.5,
2016/4/28,������,60,16,34,12,10,0.4,
2016/4/27,������,65,16,36,8,14,0.4,
2016/4/26,������,85,16,26,9,11,0.4,
2016/4/25,������,87,18,32,6,13,0.5,
2016/4/24,������,47,14,24,1,10,0.8,
2016/4/23,������,70,14,49,11,18,0.1,
2016/4/22,������,54,14,29,8,12,0.5,
2016/4/21,������,53,15,28,8,14,0.5,
2016/4/20,������,68,15,23,6,9,0.9,
2016/4/19,������,59,22,29,7,9,0.9,
2016/4/18,������,80,18,51,8,15,0.5,
2016/4/17,������,80,28,87,8,11,0.4,
2016/4/16,������,75,25,54,6,12,0.4,
2016/4/15,������,60,28,55,24,12,0.8,
2016/4/14,������,50,23,45,10,16,0.1,
2016/4/13,������,55,16,32,12,12,0.6,
2016/4/12,������,67,19,42,6,13,0.7,
2016/4/11,������,69,18,39,4,12,0.6,
2016/4/10,������,64,18,36,5,12,0.6,
2016/4/9,������,49,18,28,6,12,0.7,
2016/4/8,������,48,20,32,6,13,0.8,
2016/4/7,������,47,22,34,6,12,0.7,
2016/4/6,������,46,25,46,6,14,0.8,
2016/4/5,������,56,16,36,7,10,1,
2016/4/3,������,51,22,32,6,12,0.9,
2016/4/2,������,49,21,27,7,10,0.8,
2016/4/1,������,57,18,28,6,11,0.5,
2016/6/30,������,35,24,34,4,12,0.1,
2016/6/29,������,39,20,35,4,10,0.3,
2016/6/28,������,46,15,35,14,8,0.4,
2016/6/27,������,36,14,36,8,10,0.1,
2016/6/26,������,28,14,28,7,10,0.2,
2016/6/25,������,26,11,22,6,9,0.2,
2016/6/24,������,28,12,28,12,12,0.5,
2016/6/23,������,34,20,33,9,7,0.4,
2016/6/22,������,36,13,36,6,13,0.8,
2016/6/21,������,42,13,27,6,10,0.8,
2016/6/20,������,50,22,45,6,11,0.7,
2016/6/19,������,48,16,40,5,9,0.8,
2016/6/18,������,42,20,40,6,12,0.8,
2016/6/17,������,68,17,34,4,14,0.6,
2016/6/16,������,84,14,29,7,10,0.6,
2016/6/15,������,49,20,28,4,9,0.7,
2016/6/14,������,55,26,38,6,10,0.7,
2016/6/13,������,48,26,35,6,13,0.7,
2016/6/12,������,72,16,22,6,10,0.7,
2016/6/11,������,65,14,22,6,10,0.8,
2016/6/10,������,32,14,26,2,12,0.8,
2016/6/9,������,42,12,22,5,11,0.8,
2016/6/8,������,41,22,34,4,16,0.8,
2016/6/7,������,75,16,28,7,8,0.7,
2016/6/6,������,55,27,37,5,13,0.8,
2016/6/5,������,95,20,26,4,8,0.5,
2016/6/4,������,93,20,30,5,7,0.6,
2016/6/3,������,80,19,30,4,8,0.4,
2016/6/2,������,82,18,30,4,6,0.4,
2016/6/1,������,65,20,27,4,8,0.3,
2017/8/31,������,25,3,8,7,5,0.5,
2017/8/30,������,25,4,8,6,8,0.6,
2017/8/29,������,43,5,10,8,6,0.5,
2017/8/28,������,29,5,10,8,7,0.6,
2017/8/27,������,31,4,12,9,7,0.6,
2017/8/26,������,30,4,9,8,7,0.5,
2017/8/25,������,33,6,12,8,9,0.6,
2017/8/24,������,50,4,11,7,9,0.6,
2017/8/23,������,67,5,15,8,10,0.6,
2017/8/22,������,34,5,11,8,8,0.6,
2017/8/21,������,31,3,10,8,7,0.5,
2017/8/20,������,26,3,9,7,8,0.6,
2017/8/19,������,29,5,14,8,8,0.6,
2017/8/18,������,36,6,12,7,10,0.6,
2017/8/17,������,38,5,13,6,7,0.5,
2017/8/16,������,33,4,13,8,7,0.5,
2017/8/15,������,36,5,8,8,6,0.6,
2017/8/14,������,31,5,13,7,9,0.5,
2017/8/13,������,49,4,10,6,7,0.5,
2017/8/12,������,40,5,7,6,7,0.5,
2017/8/11,������,37,4,13,7,8,0.5,
2017/8/10,������,41,7,26,6,8,0.5,
2017/8/9,������,55,7,33,8,7,0.4,
2017/8/8,������,45,7,22,6,7,0.5,
2017/8/7,������,32,6,9,8,10,0.6,
2017/8/6,������,62,6,13,8,10,0.5,
2017/8/5,������,55,4,12,6,8,0.5,
2017/8/4,������,36,6,13,7,7,0.5,
2017/8/3,������,34,3,7,8,9,0.5,
2017/8/2,������,38,4,9,7,8,0.6,
2017/8/1,������,46,8,21,7,9,0.6,
2016/10/31,������,40,17,37,15,13,0.4,
2016/10/30,������,41,18,41,12,14,0.4,
2016/10/29,������,44,15,32,14,10,0.4,
2016/10/28,������,40,17,40,12,14,0.5,
2016/10/27,������,47,25,47,15,18,0.6,
2016/10/26,������,45,20,45,17,16,0.5,
2016/10/25,������,38,18,38,14,14,0.6,
2016/10/24,������,40,19,40,15,14,0.6,
2016/10/23,������,40,20,40,13,14,0.6,
2016/10/22,������,40,18,40,12,15,0.5,
2016/10/21,������,36,16,36,19,14,0.5,
2016/10/20,������,33,22,33,14,9,0.5,
2016/10/19,������,44,20,44,10,15,0.4,
2016/10/18,������,44,20,44,16,14,0.4,
2016/10/17,������,40,14,34,20,12,0.4,
2016/10/16,������,37,12,30,15,12,0.4,
2016/10/15,������,39,14,39,16,16,0.4,
2016/10/14,������,32,13,19,4,10,0.5,
2016/10/13,������,28,8,19,10,12,0.3,
2016/10/12,������,20,8,11,8,12,0.5,
2016/10/11,������,20,8,12,9,14,0.6,
2016/10/10,������,22,8,12,8,11,0.6,
2016/10/9,������,26,11,16,8,14,0.5,
2016/10/8,������,26,8,22,10,14,0.6,
2016/10/7,������,38,10,17,6,10,0.4,
2016/10/6,������,31,11,22,7,13,0.2,
2016/10/5,������,36,14,31,8,14,0.4,
2016/10/4,������,37,14,35,10,14,0.2,
2016/10/3,������,42,14,30,8,13,0.2,
2016/10/2,������,38,10,24,8,10,0.2,
2016/10/1,������,38,10,20,6,10,0.4,
2016/7/31,������,74,14,20,11,8,0.4,
2016/7/30,������,47,12,22,8,10,0.6,
2016/7/29,������,55,13,28,13,11,0.6,
2016/7/28,������,58,14,26,8,10,0.6,
2016/7/27,������,47,16,31,10,8,0.7,
2016/7/26,������,37,13,15,10,9,0.8,
2016/7/25,������,31,12,17,12,10,0.9,
2016/7/24,������,33,14,25,12,12,1,
2016/7/23,������,36,15,18,12,10,1,
2016/7/22,������,32,7,16,20,9,1,
2016/7/21,������,41,16,22,12,10,0.5,
2016/7/20,������,77,12,22,14,10,0.4,
2016/7/19,������,70,13,27,12,6,0.5,
2016/7/18,������,31,15,26,4,8,0,
2016/7/17,������,49,14,30,6,8,0,
2016/7/16,������,62,13,30,7,10,0,
2016/7/15,������,57,11,32,7,8,0,
2016/7/14,������,62,14,22,10,8,0.2,
2016/7/13,������,25,16,25,5,12,0.4,
2016/7/12,������,43,19,33,6,10,0.4,
2016/7/11,������,50,18,25,6,8,0.4,
2016/7/10,������,30,17,30,4,8,0.5,
2016/7/9,������,27,14,27,6,8,0.5,
2016/7/8,������,29,16,29,15,10,0.9,
2016/7/7,������,30,17,30,4,12,0.8,
2016/7/6,������,32,16,32,4,14,0.9,
2016/7/5,������,42,26,37,2,9,1.2,
2016/7/4,������,62,23,33,4,7,0.7,
2016/7/3,������,77,14,26,3,9,0.4,
2016/7/2,������,45,20,32,3,10,0.5,
2016/7/1,������,42,24,32,4,10,0.3,
2016/9/30,������,27,10,20,10,9,0.4,
2016/9/29,������,28,10,22,16,10,0.6,
2016/9/28,������,28,9,24,10,11,0,
2016/9/27,������,25,9,18,11,11,0.2,
2016/9/26,������,34,8,23,12,10,0.3,
2016/9/25,������,34,10,19,10,10,0.4,
2016/9/24,������,38,10,20,12,10,0.7,
2016/9/23,������,33,10,22,18,12,1.1,
2016/9/22,������,29,10,22,8,14,1,
2016/9/21,������,52,10,20,13,9,0.6,
2016/9/20,������,39,12,20,8,12,0.5,
2016/9/19,������,31,8,20,7,9,0.6,
2016/9/18,������,22,10,22,16,10,0.6,
2016/9/17,������,35,9,20,9,11,0.6,
2016/9/16,������,34,8,17,13,8,0.9,
2016/9/15,������,38,11,17,15,7,1.2,
2016/9/14,������,31,9,17,10,8,1.2,
2016/9/13,������,45,10,24,12,10,1.8,
2016/9/12,������,31,15,24,11,12,1,
2016/9/11,������,48,14,24,11,9,0.6,
2016/9/10,������,60,14,24,10,10,0.6,
2016/9/9,������,38,11,20,16,8,0.6,
2016/9/8,������,26,10,24,20,10,0.8,
2016/9/7,������,32,14,32,8,12,0.9,
2016/9/6,������,44,10,21,16,9,0.8,
2016/9/5,������,35,13,23,12,12,1,
2016/9/4,������,30,11,29,10,12,1.2,
2016/9/3,������,28,14,26,8,10,1,
2016/9/2,������,33,14,33,10,10,1,
2016/9/1,������,28,10,21,6,8,1,
2016/8/31,������,26,6,18,24,10,1,
2016/8/30,������,24,13,24,3,12,0.5,
2016/8/29,������,38,9,23,5,10,0.5,
2016/8/28,������,43,10,24,11,10,0.8,
2016/8/27,������,38,14,25,14,11,1.2,
2016/8/26,������,43,21,30,13,17,1.1,
2016/8/25,������,64,22,36,16,12,1.2,
2016/8/24,������,57,20,37,15,10,1,
2016/8/23,������,62,14,27,25,8,1,
2016/8/22,������,70,23,30,10,8,1.6,
2016/8/21,������,62,21,40,9,10,1.6,
2016/8/20,������,67,19,34,10,10,0.6,
2016/8/19,������,65,17,34,14,8,0.6,
2016/8/18,������,43,21,35,32,9,1.3,
2016/8/17,������,44,18,36,11,10,0.8,
2016/8/16,������,58,18,32,19,12,1,
2016/8/15,������,60,20,38,10,10,0.7,
2016/8/14,������,48,15,32,8,10,1.2,
2016/8/13,������,54,17,34,9,10,1,
2016/8/12,������,54,20,28,14,8,0.8,
2016/8/11,������,47,14,24,8,10,1.4,
2016/8/10,������,50,13,26,16,12,1,
2016/8/9,������,67,12,24,10,10,0.8,
2016/8/8,������,55,20,40,14,12,0.6,
2016/8/7,������,69,22,46,8,13,0.4,
2016/8/6,������,52,12,32,8,10,0.6,
2016/8/5,������,30,12,30,18,12,0.8,
2016/8/4,������,33,18,33,16,13,0.5,
2016/8/3,������,36,14,26,12,14,0.6,
2016/8/2,������,38,13,24,11,9,0.4,
2016/8/1,������,52,19,30,10,12,0.5,
2017/4/30,������,66,8,14,7,7,0.5,
2017/4/29,������,47,10,14,8,8,0.5,
2017/4/28,������,41,13,20,8,10,0.5,
2017/4/27,������,43,9,14,8,9,0.6,
2017/4/26,������,43,12,19,8,10,0.7,
2017/4/25,������,41,11,19,8,9,0.7,
2017/4/24,������,47,12,28,7,11,0.7,
2017/4/23,������,63,13,27,10,8,0.7,
2017/4/22,������,60,14,34,9,8,0.5,
2017/4/21,������,47,14,27,8,9,0.6,
2017/4/20,������,51,21,53,8,11,0.5,
2017/4/19,������,46,16,35,6,11,0.6,
2017/4/18,������,47,16,36,9,9,0.5,
2017/4/17,������,58,28,66,7,7,0.5,
2017/4/16,������,55,19,40,7,5,0.5,
2017/4/15,������,64,16,32,9,8,0.6,
2017/4/14,������,63,16,29,10,8,0.4,
2017/4/13,������,63,13,30,9,7,0.5,
2017/4/12,������,58,11,24,9,6,0.4,
2017/4/11,������,44,11,16,7,6,0.5,
2017/4/10,������,59,8,14,6,5,0.4,
2017/4/9,������,54,9,17,8,6,0.5,
2017/4/8,������,69,8,19,9,5,0.4,
2017/4/7,������,70,11,22,8,8,0.4,
2017/4/6,������,70,10,21,10,8,0.4,
2017/4/5,������,70,11,25,11,6,0.4,
2017/4/4,������,72,11,22,8,5,0.3,
2017/4/3,������,57,11,19,8,8,0.5,
2017/4/2,������,52,14,32,8,9,0.5,
2017/4/1,������,70,11,32,9,10,0.3,
2017/11/30,������,21,15,21,12,14,0.6,
2017/11/29,������,36,12,25,13,14,0.7,
2017/11/28,������,30,16,30,11,15,0.7,
2017/11/27,������,37,14,34,13,14,0.7,
2017/11/26,������,37,14,30,12,14,0.7,
2017/11/25,������,35,18,35,12,11,0.6,
2017/11/24,������,34,14,27,9,9,0.6,
2017/11/23,������,44,11,18,6,6,0.4,
2017/11/22,������,45,10,19,7,6,0.5,
2017/11/21,������,37,11,18,11,7,0.6,
2017/11/20,������,36,16,26,14,13,0.7,
2017/11/19,������,32,15,32,16,13,0.7,
2017/11/18,������,33,15,33,13,15,0.7,
2017/11/17,������,40,15,40,15,16,0.7,
2017/11/16,������,41,24,41,15,17,0.7,
2017/11/15,������,38,17,38,19,16,0.7,
2017/11/14,������,41,13,33,14,12,0.6,
2017/11/13,������,42,17,29,13,13,0.5,
2017/11/12,������,44,15,28,11,14,0.5,
2017/11/11,������,37,14,37,13,17,0.6,
2017/11/10,������,45,17,39,11,14,0.6,
2017/11/9,������,41,17,41,12,15,0.6,
2017/11/8,������,39,15,35,12,15,0.7,
2017/11/7,������,39,12,39,9,14,0.6,
2017/11/6,������,33,11,31,9,14,0.6,
2017/11/5,������,36,14,32,9,13,0.7,
2017/11/4,������,37,14,26,8,12,0.6,
2017/11/3,������,35,17,32,7,12,0.7,
2017/11/2,������,38,9,19,7,8,0.4,
2017/11/1,������,40,8,15,9,7,0.7,
2018/3/31,������,55,10,14,8,9,0.6,118
2018/3/30,������,63,13,25,7,8,0.4,118
2018/3/29,������,62,11,19,9,10,0.4,118
2018/3/28,������,67,9,22,8,8,0.4,134
2018/3/27,������,59,8,14,8,7,0.4,116
2018/3/26,������,57,9,12,8,8,0.4,120
2018/3/25,������,55,7,10,6,6,0.4,114
2018/3/24,������,52,10,12,6,8,0.5,118
2018/3/23,������,56,9,20,6,6,0.4,108
2018/3/22,������,57,10,22,7,8,0.3,114
2018/3/21,������,58,10,37,7,8,0.4,118
2018/3/20,������,52,11,30,6,7,0.3,106
2018/3/19,������,60,14,40,6,6,0.4,124
2018/3/18,������,69,8,10,8,5,0.4,128
2018/3/17,������,76,8,13,8,8,0.4,135
2018/3/16,������,58,10,18,8,8,0.4,114
2018/3/15,������,59,7,14,6,8,0.3,127
2018/3/14,������,49,6,11,6,8,0.3,108
2018/3/13,������,50,6,8,8,6,0.4,103
2018/3/12,������,52,6,8,6,6,0.3,108
2018/3/11,������,55,6,8,8,6,0.3,111
2018/3/10,������,53,8,14,8,8,0.4,108
2018/3/9,������,54,7,14,8,6,0.3,112
2018/3/8,������,63,8,16,6,6,0.3,123
2018/3/7,������,55,10,19,6,6,0.3,111
2018/3/6,������,51,6,12,8,5,0.4,116
2018/3/5,������,50,5,12,8,7,0.4,109
2018/3/4,������,52,12,17,8,7,0.8,114
2018/3/3,������,46,13,18,10,10,0.7,100
2018/3/2,������,50,12,20,10,6,0.6,112
2018/3/1,������,47,14,20,8,6,0.6,104
2017/5/31,������,30,9,20,9,9,0.7,
2017/5/30,������,42,10,21,10,9,0.6,
2017/5/29,������,50,8,14,8,5,0.6,
2017/5/28,������,52,14,24,8,9,0.6,
2017/5/27,������,86,11,20,11,7,0.5,
2017/5/26,������,64,10,23,10,7,0.5,
2017/5/25,������,49,11,23,5,5,0.5,
2017/5/24,������,37,10,17,8,8,0.6,
2017/5/23,������,39,11,20,5,6,0.5,
2017/5/22,������,43,12,19,10,7,0.6,
2017/5/21,������,43,8,14,10,7,0.6,
2017/5/20,������,47,12,23,9,8,0.6,
2017/5/19,������,70,11,20,8,7,0.5,
2017/5/18,������,65,11,17,9,7,0.6,
2017/5/17,������,46,12,23,7,7,0.6,
2017/5/16,������,57,10,28,10,7,0.5,
2017/5/15,������,80,20,56,9,5,0.5,
2017/5/14,������,53,17,53,9,4,0.5,
2017/5/13,������,75,13,25,10,8,0.5,
2017/5/12,������,85,11,24,6,7,0.5,
2017/5/11,������,59,16,27,7,5,0.6,
2017/5/10,������,45,10,22,7,8,0.6,
2017/5/9,������,51,11,21,10,7,0.6,
2017/5/8,������,67,11,23,9,7,0.5,
2017/5/7,������,80,8,20,7,7,0.5,
2017/5/6,������,48,7,11,8,7,0.5,
2017/5/5,������,46,10,20,7,7,0.6,
2017/5/4,������,54,11,24,9,9,0.5,
2017/5/3,������,57,11,31,7,5,0.5,
2017/5/2,������,70,9,16,7,7,0.6,
2017/5/1,������,67,7,14,7,8,0.5,
2017/3/31,������,71,14,37,8,8,0.4,
2017/3/30,������,63,16,37,9,6,0.4,
2017/3/29,������,50,11,24,6,8,0.5,
2017/3/28,������,62,14,29,6,10,0.5,
2017/3/27,������,65,12,34,6,10,0.4,
2017/3/26,������,65,17,46,6,8,0.4,
2017/3/25,������,69,11,31,5,6,0.4,
2017/3/24,������,48,16,41,6,8,0.4,
2017/3/23,������,53,20,57,8,12,0.5,
2017/3/22,������,69,13,37,6,8,0.4,
2017/3/21,������,72,12,20,6,8,0.4,
2017/3/20,������,70,12,19,5,5,0.5,
2017/3/19,������,82,21,34,7,7,0.5,
2017/3/18,������,73,14,23,8,7,0.6,
2017/3/17,������,58,16,34,8,8,0.5,
2017/3/16,������,69,16,31,8,8,0.4,
2017/3/15,������,76,16,29,7,8,0.5,
2017/3/14,������,64,14,26,8,10,0.5,
2017/3/13,������,76,13,20,7,7,0.6,
2017/3/12,������,62,14,29,7,7,0.5,
2017/3/11,������,63,13,27,6,11,0.6,
2017/3/10,������,72,17,28,6,10,0.6,
2017/3/9,������,65,13,26,8,11,0.5,
2017/3/8,������,65,14,21,7,6,0.5,
2017/3/7,������,60,11,19,6,7,0.5,
2017/3/6,������,53,12,24,8,10,0.6,
2017/3/5,������,53,14,22,7,8,0.6,
2017/3/4,������,55,12,23,4,7,0.5,
2017/3/3,������,50,12,19,6,6,0.5,
2017/3/2,������,50,18,35,6,7,0.5,
2017/3/1,������,63,23,76,8,9,0.4,
2017/2/28,������,55,21,61,8,9,0.4,
2017/2/27,������,47,16,32,6,7,0.5,
2017/2/26,������,55,10,24,5,4,0.3,
2017/2/25,������,57,21,43,6,7,0.5,
2017/2/24,������,49,18,36,6,5,0.4,
2017/2/23,������,47,24,47,5,6,0.5,
2017/2/22,������,51,13,20,6,6,0.7,
2017/2/21,������,41,25,36,6,7,0.8,
2017/2/20,������,55,15,33,8,9,0.5,
2017/2/19,������,45,12,28,8,10,0.6,
2017/2/18,������,45,14,28,10,9,0.5,
2017/2/17,������,43,15,35,9,12,0.6,
2017/2/16,������,44,13,26,8,9,0.6,
2017/2/15,������,56,12,23,6,7,0.4,
2017/2/14,������,47,12,23,7,9,0.5,
2017/2/13,������,49,12,22,8,9,0.5,
2017/2/12,������,48,14,26,6,6,0.5,
2017/2/11,������,45,17,33,7,5,0.6,
2017/2/10,������,46,14,28,7,5,0.6,
2017/2/9,������,42,10,25,7,9,0.6,
2017/2/8,������,43,15,29,10,7,0.7,
2017/2/7,������,46,12,23,8,7,0.5,
2017/2/6,������,44,7,16,10,10,0.5,
2017/2/5,������,43,9,15,9,9,0.5,
2017/2/4,������,43,7,13,10,6,0.4,
2017/2/3,������,46,7,10,8,5,0.4,
2017/2/2,������,46,9,19,7,5,0.6,
2017/2/1,������,43,7,14,8,6,0.6,
2017/6/30,������,100,7,21,7,8,0.4,
2017/6/29,������,69,4,14,5,6,0.5,
2017/6/28,������,34,5,19,5,8,0.5,
2017/6/27,������,59,4,15,7,5,0.5,
2017/6/26,������,32,6,11,8,7,0.6,
2017/6/25,������,33,5,14,6,6,0.5,
2017/6/24,������,30,4,11,8,9,0.6,
2017/6/23,������,25,4,11,8,7,0.6,
2017/6/22,������,37,6,17,6,8,0.6,
2017/6/21,������,39,5,11,8,6,0.5,
2017/6/20,������,44,7,17,7,7,0.6,
2017/6/19,������,40,7,14,8,7,0.5,
2017/6/18,������,32,6,12,8,9,0.6,
2017/6/17,������,30,4,8,6,6,0.7,
2017/6/16,������,27,4,8,6,6,0.6,
2017/6/15,������,26,4,7,6,7,0.7,
2017/6/14,������,27,4,9,6,10,0.6,
2017/6/13,������,33,5,9,6,6,0.7,
2017/6/12,������,35,4,9,7,7,0.6,
2017/6/11,������,44,5,10,7,6,0.5,
2017/6/10,������,33,5,14,7,9,0.6,
2017/6/9,������,43,7,11,8,6,0.6,
2017/6/8,������,43,7,13,9,8,0.7,
2017/6/7,������,53,7,23,8,6,0.5,
2017/6/6,������,65,9,19,8,6,0.5,
2017/6/5,������,74,11,18,9,6,0.4,
2017/6/4,������,59,13,22,8,11,0.5,
2017/6/3,������,37,12,20,7,7,0.6,
2017/6/2,������,45,12,24,8,6,0.7,
2017/6/1,������,42,11,13,9,7,0.5,
2018/6/30,������,36,14,36,7,7,0.6,
2018/6/29,������,33,12,32,9,6,0.6,
2018/6/28,������,36,14,36,8,6,0.6,
2018/6/27,������,30,14,30,8,8,0.5,
2018/6/26,������,38,16,32,8,6,0.6,
2018/6/25,������,34,14,34,8,6,0.5,
2018/6/24,������,29,12,28,8,6,0.6,69
2018/6/23,������,26,14,26,8,8,0.6,64
2018/6/22,������,28,13,28,8,8,0.6,69
2018/6/21,������,38,12,22,6,6,0.5,84
2018/6/20,������,40,12,26,6,8,0.6,90
2018/6/19,������,40,11,22,6,8,0.5,110
2018/6/18,������,49,10,20,6,6,0.5,124
2018/6/17,������,40,5,11,6,7,0.5,90
2018/6/16,������,46,6,10,6,8,0.5,114
2018/6/15,������,46,5,12,7,8,0.5,100
2018/6/14,������,75,6,14,6,9,0.5,146
2018/6/13,������,37,5,14,7,10,0.5,88
2018/6/12,������,39,6,16,6,8,0.5,84
2018/6/11,������,43,8,17,8,10,0.5,104
2018/6/10,������,70,6,13,6,7,0.5,143
2018/6/9,������,55,7,14,6,8,0.5,137
2018/6/8,������,61,5,10,8,5,0.5,127
2018/6/7,������,70,8,18,8,6,0.5,134
2018/6/6,������,64,6,21,7,11,0.5,138
2018/6/5,������,69,7,30,7,10,0.5,142
2018/6/4,������,68,6,26,6,7,0.5,138
2018/6/3,������,59,7,17,8,9,0.5,149
2018/6/2,������,57,6,16,6,10,0.5,126
2018/6/1,������,52,4,17,7,8,0.5,118
2017/7/31,������,44,4,10,9,7,0.4,
2017/7/30,������,52,4,10,8,9,0.5,
2017/7/29,������,43,3,6,6,9,0.5,
2017/7/28,������,55,5,15,6,9,0.5,
2017/7/27,������,28,4,11,6,9,0.5,
2017/7/26,������,31,4,13,7,8,0.5,
2017/7/25,������,33,5,10,8,8,0.6,
2017/7/24,������,67,4,13,7,7,0.5,
2017/7/23,������,63,6,12,7,5,0.5,
2017/7/22,������,53,5,13,7,7,0.6,
2017/7/21,������,62,7,13,9,6,0.6,
2017/7/20,������,71,6,15,7,9,0.5,
2017/7/19,������,65,8,18,8,8,0.6,
2017/7/18,������,64,5,13,8,7,0.6,
2017/7/17,������,75,5,13,7,6,0.5,
2017/7/16,������,81,6,16,7,6,0.5,
2017/7/15,������,51,7,19,8,6,0.6,
2017/7/14,������,76,4,16,5,6,0.5,
2017/7/13,������,46,5,11,9,5,0.6,
2017/7/12,������,52,7,17,5,7,0.5,
2017/7/11,������,45,5,13,6,5,0.5,
2017/7/10,������,50,5,12,7,5,0.5,
2017/7/9,������,45,6,15,9,6,0.5,
2017/7/8,������,44,4,16,9,11,0.5,
2017/7/7,������,28,5,20,8,6,0.7,
2017/7/6,������,31,4,11,8,7,0.7,
2017/7/5,������,24,4,12,7,5,0.7,
2017/7/4,������,19,4,14,5,13,0.8,
2017/7/3,������,23,6,17,8,8,0.7,
2017/7/2,������,48,8,18,7,9,0.6,
2017/7/1,������,75,6,15,11,7,0.5,
2017/9/30,������,23,6,17,7,7,0.4,
2017/9/29,������,41,5,14,6,9,0.5,
2017/9/28,������,36,4,20,7,8,0.4,
2017/9/27,������,30,5,21,7,10,0.4,
2017/9/26,������,28,5,22,7,10,0.5,
2017/9/25,������,31,4,21,6,8,0.5,
2017/9/24,������,25,5,15,7,6,0.6,
2017/9/23,������,22,5,13,6,5,0.5,
2017/9/22,������,24,6,19,6,8,0.5,
2017/9/21,������,33,5,13,8,8,0.5,
2017/9/20,������,30,4,12,8,7,0.5,
2017/9/19,������,29,6,11,7,8,0.5,
2017/9/18,������,31,5,12,7,6,0.6,
2017/9/17,������,39,4,11,6,7,0.5,
2017/9/16,������,33,6,12,7,7,0.6,
2017/9/15,������,35,5,10,7,7,0.6,
2017/9/14,������,25,5,11,9,8,0.7,
2017/9/13,������,30,5,12,6,9,0.7,
2017/9/12,������,31,7,19,8,9,0.6,
2017/9/11,������,43,4,14,6,7,0.7,
2017/9/10,������,47,4,14,6,5,0.5,
2017/9/9,������,32,10,12,8,6,0.5,
2017/9/8,������,42,3,15,9,7,0.6,
2017/9/7,������,34,6,12,8,7,0.6,
2017/9/6,������,43,5,11,6,5,0.5,
2017/9/5,������,32,4,8,6,6,0.6,
2017/9/4,������,20,5,11,8,5,0.6,
2017/9/3,������,34,6,11,6,6,0.5,
2017/9/2,������,26,3,10,6,6,0.6,
2017/9/1,������,19,4,8,6,7,0.6,
2017/10/31,������,34,9,20,7,11,0.5,
2017/10/30,������,34,10,26,7,13,0.6,
2017/10/29,������,37,12,33,7,12,0.6,
2017/10/28,������,28,12,24,7,11,0.5,
2017/10/27,������,32,11,23,5,8,0.5,
2017/10/26,������,40,9,20,8,8,0.4,
2017/10/25,������,27,6,15,6,8,0.5,
2017/10/24,������,25,8,23,6,9,0.5,
2017/10/23,������,30,7,17,6,9,0.5,
2017/10/22,������,21,5,10,8,7,0.5,
2017/10/21,������,24,8,22,6,9,0.5,
2017/10/20,������,25,9,25,7,9,0.6,
2017/10/19,������,32,8,32,6,11,0.5,
2017/10/18,������,38,8,32,9,10,0.6,
2017/10/17,������,36,8,27,6,8,0.5,
2017/10/16,������,27,7,20,7,9,0.6,
2017/10/15,������,18,5,13,6,9,0.5,
2017/10/14,������,31,4,8,6,11,0.4,
2017/10/13,������,30,5,10,7,8,0.4,
2017/10/12,������,31,5,12,6,12,0.4,
2017/10/11,������,33,5,17,7,9,0.4,
2017/10/10,������,36,7,23,7,12,0.6,
2017/10/9,������,34,9,31,7,12,0.5,
2017/10/8,������,36,7,34,8,11,0.4,
2017/10/7,������,34,6,31,9,10,0.5,
2017/10/6,������,32,8,22,7,6,0.4,
2017/10/5,������,32,5,21,7,6,0.4,
2017/10/4,������,31,4,10,7,8,0.3,
2017/10/3,������,27,5,7,6,6,0.4,
2017/10/2,������,24,4,15,7,7,0.4,
2017/10/1,������,29,4,13,8,6,0.4,
2017/12/31,������,55,24,60,15,16,0.6,
2017/12/30,������,84,36,118,10,10,0.6,
2017/12/29,������,46,18,42,11,10,0.6,
2017/12/28,������,42,18,42,15,18,0.7,
2017/12/27,������,40,22,40,18,18,0.9,
2017/12/26,������,48,24,48,18,20,0.9,
2017/12/25,������,39,18,39,14,18,0.9,
2017/12/24,������,39,16,38,15,16,0.9,
2017/12/23,������,42,23,42,15,16,0.7,
2017/12/22,������,51,20,52,18,20,0.9,
2017/12/21,������,48,28,48,18,22,0.9,
2017/12/20,������,46,25,46,13,20,0.9,
2017/12/19,������,41,23,41,14,18,0.6,
2017/12/18,������,40,22,40,14,16,0.9,
2017/12/17,������,34,22,34,14,14,0.9,
2017/12/16,������,38,19,38,14,14,0.7,
2017/12/15,������,50,23,50,12,18,0.9,
2017/12/14,������,50,22,50,14,21,0.9,
2017/12/13,������,54,24,57,15,21,0.9,
2017/12/12,������,54,20,58,20,15,0.6,
2017/12/11,������,32,22,30,19,11,0.5,
2017/12/10,������,38,23,38,14,12,0.6,
2017/12/9,������,45,20,45,14,10,0.6,
2017/12/8,������,34,14,34,16,12,0.5,
2017/12/7,������,47,24,47,15,16,0.6,
2017/12/6,������,33,23,27,12,12,0.5,
2017/12/5,������,25,12,12,14,20,0.5,
2017/12/4,������,29,20,28,26,10,0.7,
2017/12/3,������,31,19,31,20,15,0.5,
2017/12/2,������,31,20,31,15,12,0.6,
2017/12/1,������,22,14,22,8,8,0.5,
2018/1/31,������,99,44,148,14,16,0.5,124
2018/1/30,������,49,18,45,11,11,0.7,124
2018/1/29,������,47,15,28,10,9,0.4,115
2018/1/28,������,57,10,20,8,6,0.7,122
2018/1/27,������,60,10,19,8,8,0.4,122
2018/1/26,������,50,20,34,13,16,0.6,126
2018/1/25,������,50,22,50,14,16,0.6,102
2018/1/24,������,38,17,30,12,18,0.5,100
2018/1/23,������,42,27,42,14,18,0.8,100
2018/1/22,������,35,19,34,14,16,0.6,86
2018/1/21,������,43,22,38,12,14,0.5,115
2018/1/20,������,47,24,47,10,15,0.6,134
2018/1/19,������,50,25,50,15,16,0.6,105
2018/1/18,������,39,17,30,12,12,0.6,91
2018/1/17,������,34,22,34,14,16,0.8,104
2018/1/16,������,57,39,63,16,13,0.9,98
2018/1/15,������,44,23,44,14,15,0.6,110
2018/1/14,������,44,20,41,18,14,1,118
2018/1/13,������,48,26,48,17,20,0.7,90
2018/1/12,������,39,23,37,14,19,0.6,98
2018/1/11,������,42,25,40,15,18,0.8,112
2018/1/10,������,44,22,35,12,16,0.6,114
2018/1/9,������,43,20,34,11,11,0.6,108
2018/1/8,������,48,19,48,10,11,0.5,109
2018/1/7,������,44,14,25,11,8,0.5,96
2018/1/6,������,41,12,26,14,12,0.5,104
2018/1/5,������,35,18,30,14,13,0.7,90
2018/1/4,������,37,19,31,12,10,0.9,99
2018/1/3,������,35,14,28,12,16,0.6,88
2018/1/2,������,46,18,30,14,16,0.6,131
2018/1/1,������,36,18,36,14,14,0.6,82
2018/7/31,������,44,12,18,8,6,0.5,
2018/7/30,������,44,12,18,6,4,0.5,
2018/7/29,������,40,14,24,6,6,0.5,
2018/7/28,������,42,12,21,6,6,0.5,
2018/7/27,������,48,14,22,6,5,0.5,
2018/7/26,������,41,14,22,6,4,0.5,
2018/7/25,������,44,12,21,6,5,0.7,
2018/7/24,������,39,10,18,6,6,0.5,
2018/7/23,������,38,16,28,8,7,0.5,
2018/7/22,������,36,13,25,6,6,0.5,
2018/7/21,������,34,12,22,8,5,0.6,
2018/7/20,������,41,14,22,8,4,0.5,
2018/7/19,������,25,12,22,6,6,0.5,
2018/7/18,������,33,12,22,6,6,0.5,
2018/7/17,������,50,12,22,6,5,0.5,
2018/7/16,������,30,12,20,8,6,0.5,
2018/7/15,������,45,12,22,7,4,0.5,
2018/7/14,������,36,10,19,6,3,0.5,
2018/7/13,������,31,10,20,5,4,0.6,
2018/7/12,������,30,13,30,6,5,0.5,
2018/7/11,������,30,14,22,6,4,0.5,
2018/7/10,������,26,14,26,8,6,0.6,
2018/7/9,������,25,9,20,8,7,0.6,
2018/7/8,������,26,10,22,8,8,0.6,
2018/7/7,������,26,10,26,7,5,0.6,
2018/7/6,������,30,13,30,6,6,0.6,
2018/7/5,������,28,11,28,8,4,0.6,
2018/7/4,������,28,10,18,6,8,0.5,
2018/7/3,������,32,12,32,7,8,0.6,
2018/7/2,������,35,12,25,8,9,0.6,
2018/7/1,������,43,12,31,6,7,0.5,
2018/4/30,������,59,7,12,6,8,0.5,122
2018/4/29,������,94,8,14,7,8,0.5,158
2018/4/28,������,100,5,11,7,10,0.5,182
2018/4/27,������,64,6,14,9,10,0.4,128
2018/4/26,������,67,7,24,8,8,0.5,126
2018/4/25,������,52,4,6,8,6,0.6,106
2018/4/24,������,43,6,8,10,10,0.6,99
2018/4/23,������,57,5,10,8,6,0.5,125
2018/4/22,������,74,6,14,6,6,0.4,136
2018/4/21,������,75,9,19,8,12,0.6,134
2018/4/20,������,64,6,11,6,8,0.5,120
2018/4/19,������,80,6,12,8,10,0.5,146
2018/4/18,������,82,6,15,7,7,0.4,152
2018/4/17,������,77,7,16,6,10,0.4,146
2018/4/16,������,75,8,16,8,9,0.4,140
2018/4/15,������,70,7,16,7,7,0.4,130
2018/4/14,������,54,6,7,8,5,0.5,110
2018/4/13,������,76,8,13,8,8,0.6,146
2018/4/12,������,83,6,13,8,4,0.5,140
2018/4/11,������,76,6,12,8,6,0.4,136
2018/4/10,������,66,12,24,8,8,0.4,131
2018/4/9,������,62,10,27,8,9,0.4,124
2018/4/8,������,59,12,38,8,10,0.4,120
2018/4/7,������,55,13,44,8,7,0.4,110
2018/4/6,������,0,0,0,7,4,0.3,120
2018/4/5,������,68,30,86,6,6,0.4,111
2018/4/4,������,75,6,14,8,10,0.4,138
2018/4/3,������,70,6,12,7,9,0.4,136
2018/4/2,������,61,8,20,8,9,0.4,122
2018/4/1,������,66,8,24,9,8,0.4,132
2018/2/28,������,44,12,20,8,7,0.6,98
2018/2/27,������,62,14,24,8,6,0.6,119
2018/2/26,������,49,12,17,8,6,0.6,107
2018/2/25,������,48,10,16,8,4,0.6,106
2018/2/24,������,49,14,19,7,4,0.5,104
2018/2/23,������,52,12,22,10,5,0.6,110
2018/2/22,������,69,18,46,10,4,0.4,136
2018/2/21,������,50,12,37,8,4,0.6,110
2018/2/20,������,45,13,24,8,4,0.6,106
2018/2/19,������,48,14,20,6,4,0.6,110
2018/2/18,������,52,19,31,7,4,0.6,116
2018/2/17,������,48,13,20,10,5,0.5,110
2018/2/16,������,52,22,35,12,6,0.6,112
2018/2/15,������,74,10,28,8,4,0.5,140
2018/2/14,������,46,12,22,9,7,0.6,103
2018/2/13,������,42,10,16,10,8,0.6,100
2018/2/12,������,41,14,23,10,8,0.6,104
2018/2/11,������,48,15,28,10,8,0.6,125
2018/2/10,������,52,11,38,8,8,0.5,110
2018/2/9,������,48,11,28,9,8,0.6,110
2018/2/8,������,48,10,21,10,10,0.6,108
2018/2/7,������,52,16,32,6,6,0.6,118
2018/2/6,������,42,12,26,8,9,0.6,97
2018/2/5,������,47,21,35,8,9,0.7,104
2018/2/4,������,54,26,52,8,8,0.8,120
2018/2/3,������,53,20,55,10,8,0.7,122
2018/2/2,������,69,24,88,8,8,0.6,128
2018/2/1,������,62,21,73,8,15,0.5,105
2018/5/31,������,43,6,14,7,7,0.5,102
2018/5/30,������,47,8,47,7,9,0.4,98
2018/5/29,������,41,4,22,10,9,0.4,88
2018/5/28,������,36,5,22,8,10,0.4,82
2018/5/27,������,55,10,20,6,7,0.4,122
2018/5/26,������,60,11,38,8,8,0.4,116
2018/5/25,������,45,7,16,6,6,0.4,102
2018/5/24,������,46,4,10,8,5,0.4,100
2018/5/23,������,49,5,9,8,6,0.4,102
2018/5/22,������,48,4,9,6,6,0.4,109
2018/5/21,������,45,6,14,8,6,0.5,106
2018/5/20,������,62,5,12,7,6,0.6,118
2018/5/19,������,70,5,12,6,8,0.4,138
2018/5/18,������,84,4,9,7,6,0.5,164
2018/5/17,������,65,5,12,8,6,0.4,126
2018/5/16,������,60,8,22,6,10,0.4,130
2018/5/15,������,72,7,11,6,8,0.4,135
2018/5/14,������,67,10,25,8,8,0.4,138
2018/5/13,������,74,12,46,6,10,0.4,142
2018/5/12,������,72,12,48,6,7,0.4,133
2018/5/11,������,48,6,11,6,8,0.5,106
2018/5/10,������,64,5,21,8,8,0.4,123
2018/5/9,������,60,5,15,8,8,0.5,124
2018/5/8,������,0,0,0,0,0,0,0
2018/5/7,������,74,6,18,6,10,0.4,148
2018/5/6,������,65,8,14,6,9,0.4,118
2018/5/5,������,59,6,32,10,10,0.6,126
2018/5/4,������,68,6,20,6,8,0.6,138
2018/5/3,������,62,8,31,7,12,0.6,129
2018/5/2,������,48,8,30,6,10,0.6,102
2018/5/1,������,52,9,29,8,9,0.6,114
2015/1/31,����,109,82,91,50,21,2,76
2015/1/30,����,90,67,93,48,28,1.9,42
2015/1/29,����,81,60,70,52,26,1.8,51
2015/1/28,����,59,42,46,23,20,2.3,48
2015/1/27,����,124,94,118,40,35,3,44
2015/1/26,����,242,192,256,72,52,3.2,19
2015/1/25,����,253,203,279,85,66,3.2,20
2015/1/24,����,217,167,237,100,60,2.8,23
2015/1/23,����,113,86,131,62,43,2.3,27
2015/1/22,����,74,52,98,47,29,2.1,46
2015/1/21,����,100,75,125,42,29,2.5,36
2015/1/20,����,154,118,183,65,37,3.1,28
2015/1/19,����,127,97,129,48,29,2.5,17
2015/1/18,����,110,83,101,35,18,2.3,43
2015/1/17,����,176,133,165,55,31,2.5,32
2015/1/16,����,219,169,201,44,30,2.5,13
2015/1/15,����,236,186,228,49,34,2.6,16
2015/1/14,����,254,204,242,45,31,2.6,35
2015/1/13,����,273,223,264,66,36,2.5,54
2015/1/12,����,216,166,200,77,37,2.4,24
2015/1/11,����,152,116,150,54,32,2.3,19
2015/1/10,����,123,94,126,42,28,2.1,19
2015/1/9,����,111,84,108,47,25,2,17
2015/1/8,����,84,62,87,52,25,1.9,22
2015/1/7,����,82,60,68,44,17,2.1,28
2015/1/6,����,90,67,75,38,19,1.9,32
2015/1/5,����,188,142,144,37,25,2.4,26
2015/1/4,����,161,123,167,50,31,2.2,50
2015/1/3,����,136,104,161,72,33,2,32
2015/1/2,����,111,84,160,78,32,1.8,26
2015/1/1,����,83,48,115,45,22,1.7,50
2015/2/28,����,67,49,56,12,15,1.1,62
2015/2/27,����,64,46,66,8,14,1.1,79
2015/2/26,����,118,80,186,24,16,1.2,83
2015/2/25,����,54,38,57,17,19,1.2,32
2015/2/24,����,46,32,43,14,18,1.1,31
2015/2/23,����,51,36,48,8,12,1,38
2015/2/22,����,94,70,87,21,19,1.4,20
2015/2/21,����,83,61,76,16,14,1,39
2015/2/20,����,96,72,98,12,12,0.8,63
2015/2/19,����,150,115,164,17,12,1,87
2015/2/18,����,112,84,146,26,15,1.1,92
2015/2/17,����,69,46,89,26,18,1.1,59
2015/2/16,����,84,51,118,29,19,1.1,58
2015/2/15,����,141,108,172,31,29,1.7,58
2015/2/14,����,135,103,161,45,31,1.4,76
2015/2/13,����,92,68,108,33,26,1.2,62
2015/2/12,����,94,70,117,33,34,1.5,56
2015/2/11,����,106,80,123,36,32,1,50
2015/2/10,����,107,81,123,44,35,1.1,58
2015/2/9,����,98,74,116,38,30,2,86
2015/2/8,����,78,57,92,36,22,2.2,67
2015/2/7,����,111,84,117,40,32,2.3,51
2015/2/6,����,90,67,99,51,35,2.2,45
2015/2/5,����,95,71,100,39,29,2.4,48
2015/2/4,����,132,101,132,41,36,2.4,43
2015/2/3,����,153,117,147,42,33,2.2,44
2015/2/2,����,152,117,142,49,32,2.1,53
2015/2/1,����,135,103,122,42,27,2,71
2015/4/30,����,95,50,91,19,10,1.6,134
2015/4/29,����,91,56,103,21,12,1.5,104
2015/4/28,����,86,44,74,21,12,1.4,86
2015/4/27,����,78,28,53,24,12,1.3,98
2015/4/26,����,78,30,56,24,12,1.3,85
2015/4/25,����,85,32,56,22,13,1.3,87
2015/4/24,����,81,36,62,29,17,1.4,73
2015/4/23,����,63,26,48,27,15,1.2,70
2015/4/22,����,51,26,51,22,16,1.3,53
2015/4/21,����,52,32,52,23,14,1.3,49
2015/4/20,����,47,22,36,18,12,1.3,46
2015/4/19,����,40,11,17,11,9,1.2,70
2015/4/18,����,76,49,102,22,18,1.3,47
2015/4/17,����,126,50,202,20,14,1.2,93
2015/4/16,����,98,48,146,28,14,1.2,80
2015/4/15,����,69,39,65,21,16,1.1,88
2015/4/14,����,67,26,64,25,19,1,85
2015/4/13,����,73,20,54,18,12,0.8,84
2015/4/12,����,59,23,68,15,11,0.9,69
2015/4/11,����,52,31,55,28,15,1,61
2015/4/10,����,64,33,61,26,17,1,71
2015/4/9,����,61,33,57,18,16,1.1,71
2015/4/8,����,53,32,50,18,13,1,72
2015/4/7,����,54,35,58,12,12,1,97
2015/4/6,����,46,24,39,14,14,0.9,75
2015/4/5,����,45,22,28,10,13,1.2,72
2015/4/4,����,47,19,27,12,12,1.2,81
2015/4/3,����,56,25,63,10,13,1.1,61
2015/4/2,����,43,14,43,13,17,1.2,49
2015/4/1,����,39,18,33,9,16,1.1,52
2015/5/31,����,62,45,69,20,14,0.9,61
2015/5/30,����,63,33,53,16,13,0.8,62
2015/5/29,����,55,20,31,11,11,0.7,83
2015/5/28,����,119,91,106,22,21,1.1,59
2015/5/27,����,105,79,90,17,14,0.9,64
2015/5/26,����,128,97,113,21,18,1,49
2015/5/25,����,105,79,109,37,27,1,35
2015/5/24,����,75,55,78,22,18,0.8,53
2015/5/23,����,65,47,65,19,16,0.8,44
2015/5/22,����,109,82,110,19,17,1,65
2015/5/21,����,81,42,68,18,14,0.7,114
2015/5/20,����,101,42,87,17,13,0.7,94
2015/5/19,����,69,43,78,23,14,0.7,61
2015/5/18,����,66,42,69,18,13,0.7,55
2015/5/17,����,67,48,52,16,14,0.7,69
2015/5/16,����,97,73,108,33,18,1.3,70
2015/5/15,����,82,37,60,14,10,1.4,98
2015/5/14,����,69,50,85,27,15,1.5,78
2015/5/13,����,81,50,112,23,13,1.5,72
2015/5/12,����,73,35,94,21,11,1.3,70
2015/5/11,����,53,14,39,13,7,1.5,84
2015/5/10,����,58,37,61,18,11,1.4,74
2015/5/9,����,78,31,60,20,12,1.3,69
2015/5/8,����,63,28,53,21,13,1.5,88
2015/5/7,����,58,28,50,23,11,1.5,64
2015/5/6,����,50,26,47,20,12,1.5,51
2015/5/5,����,45,26,45,27,11,1.5,41
2015/5/4,����,43,27,42,22,10,1.4,44
2015/5/3,����,54,33,58,27,15,1.5,29
2015/5/2,����,51,17,34,17,8,1.4,62
2015/5/1,����,110,24,38,16,7,1.3,85
2015/8/31,����,60,26,45,17,6,0.7,
2015/8/30,����,77,33,48,16,5,0.7,
2015/8/29,����,87,36,54,14,5,0.7,
2015/8/28,����,69,38,54,14,4,0.7,
2015/8/27,����,55,36,55,20,13,0.8,
2015/8/26,����,63,34,46,14,11,0.8,
2015/8/25,����,80,30,45,20,10,0.8,
2015/8/24,����,64,22,34,14,12,0.7,
2015/8/23,����,48,24,41,19,12,0.7,
2015/8/22,����,74,24,41,13,12,0.7,
2015/8/21,����,48,20,41,13,11,0.7,
2015/8/20,����,34,16,32,9,8,0.7,
2015/8/19,����,49,10,19,8,7,0.6,
2015/8/18,����,57,23,32,11,7,0.5,
2015/8/17,����,62,44,60,28,13,0.8,
2015/8/16,����,49,30,49,17,10,0.7,
2015/8/15,����,67,31,51,23,13,0.6,
2015/8/14,����,44,26,44,18,9,0.6,
2015/8/13,����,57,27,42,10,8,0.6,
2015/8/12,����,46,21,32,11,5,0.6,
2015/8/11,����,46,20,35,16,8,0.7,
2015/8/10,����,40,20,34,14,7,0.6,
2015/8/9,����,51,26,44,18,8,0.7,
2015/8/8,����,74,36,54,14,9,0.7,
2015/8/7,����,70,24,44,19,10,0.7,
2015/8/6,����,69,16,32,12,8,0.6,
2015/8/5,����,57,12,22,9,6,0.5,
2015/8/4,����,50,14,26,6,4,0.5,
2015/8/3,����,65,47,34,5,8,0.5,
2015/8/2,����,55,20,31,17,6,0.4,
2015/8/1,����,56,16,30,12,4,0.4,
2015/11/30,����,79,58,77,26,20,1.3,
2015/11/29,����,97,72,100,28,22,1.4,
2015/11/28,����,99,74,104,37,23,1.4,
2015/11/27,����,63,45,66,43,20,1.1,
2015/11/26,����,49,34,46,22,15,1.1,
2015/11/25,����,49,30,49,32,19,1.3,
2015/11/24,����,27,9,22,19,16,1.1,
2015/11/23,����,42,11,20,16,28,1.6,
2015/11/22,����,38,16,34,26,22,1.5,
2015/11/21,����,38,22,38,19,18,1.5,
2015/11/20,����,57,40,58,48,21,1.7,
2015/11/19,����,51,32,52,38,24,1.8,
2015/11/18,����,49,31,49,39,23,1.7,
2015/11/17,����,49,34,46,22,23,1.6,
2015/11/16,����,59,42,62,28,19,1.2,
2015/11/15,����,58,41,66,38,26,1.2,
2015/11/14,����,68,49,69,37,22,1.1,
2015/11/13,����,59,42,63,41,23,1,
2015/11/12,����,48,33,47,14,16,1,
2015/11/11,����,52,36,38,7,12,1.1,
2015/11/10,����,52,36,38,24,17,1.1,
2015/11/9,����,32,19,32,18,14,0.9,
2015/11/8,����,34,14,26,22,16,1,
2015/11/7,����,26,12,19,26,20,1,
2015/11/6,����,44,30,44,34,28,1.3,
2015/11/5,����,77,56,70,30,30,1.2,
2015/11/4,����,92,68,92,35,26,1.2,
2015/11/3,����,84,62,90,30,26,1.2,
2015/11/2,����,60,43,58,20,18,0.9,
2015/11/1,����,41,28,41,12,13,0.8,
2016/3/31,����,85,58,120,24,22,1.3,
2016/3/30,����,82,60,86,28,23,1.2,
2016/3/29,����,82,60,100,42,36,1.5,
2016/3/28,����,58,34,66,24,24,1.2,
2016/3/27,����,62,26,52,18,18,0.9,
2016/3/26,����,55,27,40,14,15,0.9,
2016/3/25,����,64,46,70,16,20,1.1,
2016/3/24,����,77,56,82,22,20,1.2,
2016/3/23,����,89,66,68,26,25,1,
2016/3/22,����,89,66,91,25,26,1,
2016/3/21,����,99,74,137,19,25,1,
2016/3/20,����,114,86,117,12,20,1,
2016/3/19,����,90,56,88,30,21,1,
2016/3/18,����,95,71,106,26,28,1.3,
2016/3/17,����,123,93,124,30,35,1.2,
2016/3/16,����,122,92,139,63,44,1.4,
2016/3/15,����,113,85,135,41,38,1.3,
2016/3/14,����,94,70,115,40,30,1,
2016/3/13,����,70,45,89,30,28,0.9,
2016/3/12,����,62,44,68,35,28,1,
2016/3/11,����,65,47,73,22,24,0.9,
2016/3/10,����,58,41,61,16,18,0.9,
2016/3/9,����,66,46,81,14,16,1.1,
2016/3/8,����,54,38,54,16,20,1.5,
2016/3/7,����,127,92,203,27,30,1.5,
2016/3/6,����,186,100,322,32,31,1.3,
2016/3/5,����,166,86,282,32,33,1.1,
2016/3/4,����,79,58,80,36,32,1.1,
2016/3/3,����,69,50,82,26,28,1.9,
2016/3/2,����,87,64,104,30,30,2.3,
2016/3/1,����,82,60,110,30,28,2.1,
2016/5/31,����,57,40,50,12,12,0.8,
2016/5/30,����,77,38,56,22,10,0.8,
2016/5/29,����,77,25,42,18,8,0.7,
2016/5/28,����,44,20,32,16,8,0.6,
2016/5/27,����,47,20,26,16,10,0.6,
2016/5/26,����,45,19,22,12,8,0.5,
2016/5/25,����,56,38,61,22,16,0.7,
2016/5/24,����,69,28,44,16,12,0.8,
2016/5/23,����,64,33,41,11,10,0.8,
2016/5/22,����,69,50,60,18,16,0.9,
2016/5/21,����,69,42,56,16,14,0.9,
2016/5/20,����,74,54,63,14,16,1,
2016/5/19,����,88,65,79,16,18,1,
2016/5/18,����,102,52,70,17,14,0.9,
2016/5/17,����,87,64,79,22,14,0.8,
2016/5/16,����,72,40,70,18,13,0.7,
2016/5/15,����,52,20,51,12,10,0.6,
2016/5/14,����,70,22,36,10,11,1.6,
2016/5/13,����,66,43,81,16,11,2.2,
2016/5/12,����,165,91,279,14,14,2.3,
2016/5/11,����,62,42,64,19,14,1.6,
2016/5/10,����,80,36,59,16,14,1.2,
2016/5/9,����,52,36,52,24,16,1.2,
2016/5/8,����,70,28,40,22,12,1,
2016/5/7,����,81,32,50,14,12,1,
2016/5/6,����,85,46,74,22,13,1.2,
2016/5/5,����,99,46,68,19,14,1.2,
2016/5/4,����,85,36,64,18,16,1.1,
2016/5/3,����,85,24,52,26,13,0.9,
2016/5/2,����,66,28,81,12,11,0.9,
2016/5/1,����,73,24,39,13,11,1.1,
2015/3/31,����,49,31,49,15,17,1.1,76
2015/3/30,����,70,46,75,18,19,1,85
2015/3/29,����,81,45,85,29,25,1,76
2015/3/28,����,62,39,73,28,24,1,61
2015/3/27,����,54,39,55,14,20,0.9,55
2015/3/26,����,56,32,63,16,19,1.2,64
2015/3/25,����,64,46,78,15,18,1.2,67
2015/3/24,����,68,49,73,19,20,1.4,56
2015/3/23,����,55,39,61,22,21,1.3,64
2015/3/22,����,75,52,100,34,28,1.3,37
2015/3/21,����,57,32,61,20,17,1.2,60
2015/3/20,����,35,24,35,17,19,1.5,41
2015/3/19,����,48,34,43,21,23,1.8,43
2015/3/18,����,39,23,32,10,19,1.9,55
2015/3/17,����,125,95,132,46,40,2.2,28
2015/3/16,����,87,65,102,25,26,1.8,60
2015/3/15,����,110,83,119,19,22,1.8,75
2015/3/14,����,141,108,143,18,19,1.8,113
2015/3/13,����,73,53,97,26,28,1.8,72
2015/3/12,����,85,63,105,23,30,2,70
2015/3/11,����,123,94,138,20,22,1.6,58
2015/3/10,����,160,122,183,20,21,1.7,77
2015/3/9,����,91,68,98,25,19,1.5,78
2015/3/8,����,62,45,71,25,23,1.5,80
2015/3/7,����,64,46,73,17,20,1.4,53
2015/3/6,����,73,53,71,13,17,1.3,54
2015/3/5,����,65,47,62,11,14,1.1,61
2015/3/4,����,86,46,123,10,13,1,65
2015/3/3,����,119,51,189,20,22,1.3,46
2015/3/2,����,72,53,74,19,22,1.4,24
2015/3/1,����,72,53,65,18,18,1.3,34
2015/6/30,����,35,17,30,11,10,0.8,83
2015/6/29,����,37,10,20,9,11,0.7,64
2015/6/28,����,50,5,13,5,7,0.5,102
2015/6/27,����,44,11,23,14,7,0.7,63
2015/6/26,����,33,14,29,19,9,0.8,39
2015/6/25,����,42,9,13,6,6,0.8,62
2015/6/24,����,42,29,31,11,11,0.9,46
2015/6/23,����,76,56,73,14,12,0.8,84
2015/6/22,����,58,41,56,12,7,0.8,74
2015/6/21,����,78,42,56,18,7,0.8,82
2015/6/20,����,50,35,49,13,8,0.8,39
2015/6/19,����,69,36,51,17,6,0.8,69
2015/6/18,����,61,26,41,13,8,0.9,62
2015/6/17,����,49,24,37,12,11,1,56
2015/6/16,����,56,30,40,12,14,1,92
2015/6/15,����,54,33,43,16,14,0.8,87
2015/6/14,����,53,32,57,15,13,0.6,47
2015/6/13,����,59,27,48,11,11,0.6,67
2015/6/12,����,53,27,56,18,14,0.6,45
2015/6/11,����,68,29,85,20,13,0.7,76
2015/6/10,����,69,34,81,16,12,0.9,66
2015/6/9,����,66,46,72,18,13,1,72
2015/6/8,����,91,35,63,23,15,1,60
2015/6/7,����,47,31,47,13,12,0.9,35
2015/6/6,����,50,27,50,17,14,0.9,37
2015/6/5,����,58,22,47,16,10,0.8,64
2015/6/4,����,52,22,36,11,10,0.9,78
2015/6/3,����,53,28,38,14,15,0.9,78
2015/6/2,����,73,53,65,14,13,1,41
2015/6/1,����,91,67,77,19,15,1,65
2016/6/30,����,46,28,46,7,12,0.8,
2016/6/29,����,77,36,58,6,10,0.9,
2016/6/28,����,65,30,39,5,6,0.5,
2016/6/27,����,55,22,38,9,10,0.8,
2016/6/26,����,28,15,26,7,8,0.7,
2016/6/25,����,43,12,24,8,9,0.7,
2016/6/24,����,48,9,16,6,8,0.7,
2016/6/23,����,44,18,26,2,8,0.6,
2016/6/22,����,99,32,46,8,6,0.7,
2016/6/21,����,82,30,50,8,6,0.6,
2016/6/20,����,92,32,46,8,6,0.7,
2016/6/19,����,91,30,48,12,7,0.7,
2016/6/18,����,72,26,41,10,8,0.7,
2016/6/17,����,108,24,40,12,8,0.7,
2016/6/16,����,83,18,34,11,7,0.6,
2016/6/15,����,60,28,58,14,9,0.6,
2016/6/14,����,69,28,49,10,7,0.6,
2016/6/13,����,74,26,41,11,8,0.6,
2016/6/12,����,75,22,33,9,7,0.5,
2016/6/11,����,59,26,42,14,8,0.6,
2016/6/10,����,64,22,34,10,6,0.5,
2016/6/9,����,39,18,28,8,6,0.5,
2016/6/8,����,54,20,32,11,7,0.5,
2016/6/7,����,75,22,34,10,6,0.5,
2016/6/6,����,80,27,49,16,8,0.7,
2016/6/5,����,76,20,38,10,8,0.5,
2016/6/4,����,54,30,38,14,8,0.8,
2016/6/3,����,77,20,32,12,9,0.8,
2016/6/2,����,50,24,28,12,11,0.7,
2016/6/1,����,52,32,40,12,14,1.1,
2014/12/31,����,104,66,157,54,41,2.1,46
2015/7/31,����,67,13,27,6,4,0.4,
2015/7/30,����,52,25,41,8,5,0.5,
2015/7/29,����,76,30,46,15,8,0.6,
2015/7/28,����,75,26,40,15,8,0.7,
2015/7/27,����,68,21,33,14,8,0.7,
2015/7/26,����,49,27,45,14,10,0.8,
2015/7/25,����,85,25,44,18,9,0.7,
2015/7/24,����,90,20,36,14,9,0.7,
2015/7/23,����,60,22,36,14,8,0.6,
2015/7/22,����,48,25,36,16,8,0.7,
2015/7/21,����,62,21,34,13,7,0.6,
2015/7/20,����,72,28,44,16,8,0.6,
2015/7/19,����,83,14,25,9,5,0.5,148
2015/7/18,����,73,32,51,14,8,0.7,142
2015/7/17,����,72,24,39,13,7,0.6,139
2015/7/16,����,78,18,33,10,7,0.7,149
2015/7/15,����,63,20,17,4,5,0.6,135
2015/7/14,����,75,55,78,15,8,0.8,142
2015/7/13,����,70,48,71,14,9,0.8,146
2015/7/12,����,63,41,60,10,7,0.7,130
2015/7/11,����,81,51,73,10,8,0.7,141
2015/7/10,����,93,66,88,11,9,0.8,166
2015/7/9,����,105,65,85,13,9,0.8,183
2015/7/8,����,78,37,51,11,8,0.6,146
2015/7/7,����,85,32,49,9,9,0.6,150
2015/7/6,����,59,33,49,11,9,0.6,130
2015/7/5,����,44,28,44,10,8,0.6,64
2015/7/4,����,57,25,40,8,7,0.5,118
2015/7/3,����,46,27,46,13,10,0.6,86
2015/7/2,����,59,34,62,20,10,0.7,130
2015/7/1,����,65,27,59,15,9,0.8,143
2016/1/31,����,93,69,88,26,28,1.6,
2016/1/30,����,147,112,136,36,28,1.3,
2016/1/29,����,179,135,168,43,47,1.6,
2016/1/28,����,183,138,176,64,54,1.9,
2016/1/27,����,144,110,154,56,58,2.1,
2016/1/26,����,84,62,87,28,32,2,
2016/1/25,����,79,58,74,26,28,1.7,
2016/1/24,����,47,22,40,11,15,1.3,
2016/1/23,����,51,28,52,22,18,1.4,
2016/1/22,����,89,66,88,20,18,1.5,
2016/1/21,����,97,72,85,20,18,1.7,
2016/1/20,����,105,79,103,22,17,1.7,
2016/1/19,����,147,112,146,40,27,2.1,
2016/1/18,����,139,106,154,39,36,2.4,
2016/1/17,����,134,102,122,56,30,2.2,
2016/1/16,����,132,100,133,63,36,2.3,
2016/1/15,����,130,99,146,38,34,2.1,
2016/1/14,����,156,119,144,42,34,2.1,
2016/1/13,����,149,114,132,35,29,2,
2016/1/12,����,169,128,138,32,25,2,
2016/1/11,����,122,92,104,33,24,1.7,
2016/1/10,����,114,86,102,34,28,1.8,
2016/1/9,����,114,86,106,44,28,1.7,
2016/1/8,����,127,96,122,56,38,1.9,
2016/1/7,����,137,104,121,50,34,2.3,
2016/1/6,����,182,137,166,46,36,3.2,
2016/1/5,����,201,151,182,35,29,2.7,
2016/1/4,����,192,144,187,56,44,3,
2016/1/3,����,148,113,144,36,34,2.4,
2016/1/2,����,150,115,152,42,38,2.5,
2016/1/1,����,236,186,236,79,58,3.4,
2016/8/31,����,60,43,58,28,14,0.6,
2016/8/30,����,57,40,51,16,12,0.4,
2016/8/29,����,84,36,58,30,16,0.4,
2016/8/28,����,89,26,42,27,13,0.4,
2016/8/27,����,65,17,32,20,12,0.4,
2016/8/26,����,31,14,21,26,8,0.4,
2016/8/25,����,51,32,52,18,9,0.5,
2016/8/24,����,77,38,52,20,12,0.8,
2016/8/23,����,77,32,44,21,11,0.6,
2016/8/22,����,98,34,50,17,9,0.6,
2016/8/21,����,67,38,46,12,8,0.6,
2016/8/20,����,57,40,54,10,9,0.6,
2016/8/19,����,64,46,54,14,14,0.6,
2016/8/18,����,65,40,53,14,10,0.6,
2016/8/17,����,57,40,54,18,10,0.6,
2016/8/16,����,52,36,41,14,11,0.6,
2016/8/15,����,53,37,40,14,12,0.5,
2016/8/14,����,47,30,34,13,12,0.3,
2016/8/13,����,52,26,38,14,12,0.4,
2016/8/12,����,48,26,40,20,14,0.4,
2016/8/11,����,46,26,42,18,12,0.6,
2016/8/10,����,50,24,36,12,12,0.6,
2016/8/9,����,47,21,42,16,12,0.7,
2016/8/8,����,34,20,34,14,13,0.6,
2016/8/7,����,62,20,35,13,10,0.6,
2016/8/6,����,75,21,36,14,11,0.6,
2016/8/5,����,62,34,32,10,8,0.5,
2016/8/4,����,53,22,36,12,11,0.4,
2016/8/3,����,58,28,42,10,10,0.4,
2016/8/2,����,59,20,35,11,10,0.4,
2016/8/1,����,42,14,24,9,10,0.3,
2015/10/31,����,58,41,51,22,17,0.8,
2015/10/30,����,57,40,58,22,17,0.8,
2015/10/29,����,52,28,54,48,22,0.9,
2015/10/28,����,45,28,45,30,20,1,
2015/10/27,����,34,18,34,22,16,1,
2015/10/26,����,32,20,32,15,16,1.3,
2015/10/25,����,60,43,54,24,22,1.6,
2015/10/24,����,133,101,126,24,28,1.3,
2015/10/23,����,123,93,123,34,26,1.2,
2015/10/22,����,102,76,112,24,22,1,
2015/10/21,����,84,62,90,24,22,1,
2015/10/20,����,77,56,74,19,18,0.9,
2015/10/19,����,77,56,76,19,18,0.9,
2015/10/18,����,99,74,94,24,21,0.9,
2015/10/17,����,94,70,96,21,21,1,
2015/10/16,����,77,56,80,17,20,0.9,
2015/10/15,����,75,55,80,17,22,0.8,
2015/10/14,����,69,50,72,16,19,0.7,
2015/10/13,����,60,34,52,16,17,0.7,
2015/10/12,����,48,30,48,13,14,0.9,
2015/10/11,����,50,29,50,13,14,0.9,
2015/10/10,����,58,36,66,16,15,0.9,
2015/10/9,����,57,32,63,14,13,0.8,
2015/10/8,����,51,26,52,14,12,0.9,
2015/10/7,����,33,18,33,12,10,0.9,
2015/10/6,����,43,28,43,20,14,0.8,
2015/10/5,����,36,20,29,14,11,0.9,
2015/10/4,����,36,25,35,16,14,0.8,
2015/10/3,����,63,44,75,20,18,0.9,
2015/10/2,����,71,40,92,16,14,0.6,
2015/10/1,����,82,28,113,8,11,0.5,
2015/9/30,����,89,66,92,20,18,1,
2015/9/29,����,82,60,80,21,22,1,
2015/9/28,����,63,45,56,16,16,1,
2015/9/27,����,75,55,72,21,12,0.9,
2015/9/26,����,54,36,58,24,15,0.9,
2015/9/25,����,42,26,42,14,12,0.7,
2015/9/24,����,32,20,30,12,11,0.7,
2015/9/23,����,55,26,40,16,9,0.7,
2015/9/22,����,58,41,54,12,10,0.8,
2015/9/21,����,74,54,72,17,10,0.8,
2015/9/20,����,57,36,52,12,6,0.7,
2015/9/19,����,53,37,53,18,11,0.7,
2015/9/18,����,74,54,72,22,15,0.9,
2015/9/17,����,75,55,64,26,14,0.9,
2015/9/16,����,98,52,70,14,12,0.8,
2015/9/15,����,57,34,52,15,8,0.7,
2015/9/14,����,50,30,44,16,7,0.6,
2015/9/13,����,53,22,40,22,8,0.6,
2015/9/12,����,52,18,34,15,6,0.5,
2015/9/11,����,49,16,26,10,10,0.8,
2015/9/10,����,43,24,30,26,14,0.8,
2015/9/9,����,77,56,70,16,17,1,
2015/9/8,����,73,53,72,25,13,1,
2015/9/7,����,62,38,56,13,10,0.8,
2015/9/6,����,61,24,44,14,10,0.7,
2015/9/5,����,48,28,44,16,10,0.8,
2015/9/4,����,59,42,56,16,12,0.9,
2015/9/3,����,64,46,61,16,13,0.8,
2015/9/2,����,50,34,49,12,7,0.7,
2015/9/1,����,69,20,32,9,4,0.6,
2016/7/31,����,34,14,22,6,10,0.3,
2016/7/30,����,48,18,34,14,10,0.4,
2016/7/29,����,55,20,34,10,12,0.4,
2016/7/28,����,49,20,34,10,10,0.5,
2016/7/27,����,40,10,18,8,8,0.4,
2016/7/26,����,38,13,27,8,8,0.4,
2016/7/25,����,39,15,31,6,8,0.3,
2016/7/24,����,44,22,35,4,8,0.2,
2016/7/23,����,41,24,39,4,10,0.4,
2016/7/22,����,84,26,48,10,10,0.4,
2016/7/21,����,47,18,34,9,8,0.4,
2016/7/20,����,38,13,25,8,6,0.4,
2016/7/19,����,30,17,30,6,7,0.4,
2016/7/18,����,57,40,50,6,9,0.5,
2016/7/17,����,44,25,42,8,9,0.4,
2016/7/16,����,40,22,40,12,9,0.6,
2016/7/15,����,39,19,24,6,6,0.4,
2016/7/14,����,26,14,24,4,6,0.7,
2016/7/13,����,38,18,32,6,7,0.8,
2016/7/12,����,44,23,44,2,8,0.8,
2016/7/11,����,52,32,54,6,10,0.8,
2016/7/10,����,45,31,44,14,10,0.9,
2016/7/9,����,60,34,69,8,12,0.9,
2016/7/8,����,43,30,43,7,7,1.1,
2016/7/7,����,62,30,44,9,8,0.7,
2016/7/6,����,80,28,40,5,8,0.6,
2016/7/5,����,61,16,32,6,8,0.6,
2016/7/4,����,57,22,32,10,8,0.7,
2016/7/3,����,55,31,46,8,9,0.7,
2016/7/2,����,65,28,50,7,8,0.8,
2016/7/1,����,65,18,33,12,9,0.7,
2015/12/31,����,218,168,210,52,51,2.7,
2015/12/30,����,232,182,241,50,48,2.8,
2015/12/29,����,230,180,234,52,42,2.5,
2015/12/28,����,198,148,186,29,30,2,
2015/12/27,����,124,94,121,34,37,1.6,
2015/12/26,����,98,73,104,38,38,1.8,
2015/12/25,����,102,76,110,35,36,1.7,
2015/12/24,����,120,91,121,31,33,1.8,
2015/12/23,����,155,118,152,52,44,2,
2015/12/22,����,137,104,126,41,36,1.7,
2015/12/21,����,158,120,264,70,46,1.9,
2015/12/20,����,113,85,118,36,32,1.5,
2015/12/19,����,92,68,73,26,24,1.1,
2015/12/18,����,82,54,114,44,38,1.6,
2015/12/17,����,113,85,142,39,32,1.4,
2015/12/16,����,138,105,136,40,27,1.2,
2015/12/15,����,108,81,72,38,29,1.3,
2015/12/14,����,87,64,110,35,24,1.7,
2015/12/13,����,97,65,144,20,27,1.9,
2015/12/12,����,140,107,218,19,26,1.9,
2015/12/11,����,178,134,237,18,21,1.2,
2015/12/10,����,163,124,132,38,30,1.1,
2015/12/9,����,89,66,52,23,24,0.8,
2015/12/8,����,57,40,45,18,18,0.9,
2015/12/7,����,87,64,102,26,24,1.3,
2015/12/6,����,89,66,102,32,26,1.2,
2015/12/5,����,104,78,108,42,28,1.2,
2015/12/4,����,117,88,126,30,26,1.3,
2015/12/3,����,139,106,141,40,28,1.5,
2015/12/2,����,137,104,162,37,30,1.7,
2015/12/1,����,119,90,108,42,26,1.7,
2016/11/30,����,95,71,112,14,34,1.2,
2016/11/29,����,97,72,116,16,36,1.2,
2016/11/28,����,100,75,128,22,42,1.4,
2016/11/27,����,82,60,112,16,36,1.3,
2016/11/26,����,65,44,80,18,30,1.1,
2016/11/25,����,57,40,54,17,33,1,
2016/11/24,����,40,28,38,14,28,0.8,
2016/11/23,����,25,12,21,8,18,0.6,
2016/11/22,����,24,11,24,6,16,0.6,
2016/11/21,����,98,73,99,18,30,1.4,
2016/11/20,����,112,84,122,24,42,1.6,
2016/11/19,����,69,50,76,14,30,1.4,
2016/11/18,����,62,44,63,12,29,1.4,
2016/11/17,����,98,73,98,14,32,1.7,
2016/11/16,����,104,78,102,14,31,1.6,
2016/11/15,����,93,69,93,18,23,1.2,
2016/11/14,����,67,48,84,17,33,1.3,
2016/11/13,����,70,44,90,20,36,1.4,
2016/11/12,����,56,36,62,14,30,1.2,
2016/11/11,����,52,30,54,14,24,1.1,
2016/11/10,����,45,24,45,16,18,1,
2016/11/9,����,38,26,34,18,16,0.8,
2016/11/8,����,44,22,44,20,16,0.8,
2016/11/7,����,26,10,19,10,17,0.8,
2016/11/6,����,54,36,58,20,28,1.2,
2016/11/5,����,62,44,70,20,29,1,
2016/11/4,����,57,36,63,16,26,1.1,
2016/11/3,����,55,37,60,18,24,0.9,
2016/11/2,����,52,33,53,22,22,0.8,
2016/11/1,����,46,32,44,28,15,0.7,
2016/2/29,����,91,58,131,24,24,1.9,
2016/2/28,����,83,50,115,30,28,2,
2016/2/27,����,62,44,70,28,27,1.8,
2016/2/26,����,53,32,56,14,16,1.5,
2016/2/25,����,62,44,73,22,18,1.7,
2016/2/24,����,83,56,116,33,31,2.7,
2016/2/23,����,95,71,123,33,28,2.8,
2016/2/22,����,77,56,90,18,17,2.1,
2016/2/21,����,89,57,128,20,20,2,
2016/2/20,����,114,54,177,26,20,1.8,
2016/2/19,����,103,64,156,24,26,2,
2016/2/18,����,77,56,78,28,27,2.1,
2016/2/17,����,57,40,62,24,22,1.8,
2016/2/16,����,48,30,48,17,16,1.6,
2016/2/15,����,47,29,47,14,13,1.5,
2016/2/14,����,51,22,52,9,8,1.2,
2016/2/13,����,57,24,64,9,6,1.2,
2016/2/12,����,160,122,146,19,25,2.4,
2016/2/11,����,200,150,177,32,32,2.6,
2016/2/10,����,183,138,158,33,32,2.6,
2016/2/9,����,158,120,148,30,24,2.2,
2016/2/8,����,356,306,336,58,28,2.3,
2016/2/7,����,160,122,157,40,28,1.9,
2016/2/6,����,64,46,72,24,20,1.2,
2016/2/5,����,87,64,92,28,22,1.4,
2016/2/4,����,129,98,116,30,31,1.7,
2016/2/3,����,133,101,135,36,39,1.7,
2016/2/2,����,112,84,101,24,30,1.6,
2016/2/1,����,119,90,106,24,27,1.8,
2017/3/31,����,58,22,41,14,15,0.9,
2017/3/30,����,47,33,44,13,19,1,
2017/3/29,����,83,60,87,12,17,1,
2017/3/28,����,89,40,92,18,27,1,
2017/3/27,����,71,34,77,18,23,0.9,
2017/3/26,����,66,32,82,18,24,0.8,
2017/3/25,����,63,25,69,16,23,0.9,
2017/3/24,����,44,20,44,16,25,1,
2017/3/23,����,45,17,30,8,18,0.9,
2017/3/22,����,64,31,31,15,15,0.8,
2017/3/21,����,61,44,56,15,22,1.2,
2017/3/20,����,53,38,53,16,25,1.2,
2017/3/19,����,78,58,69,10,31,1.2,
2017/3/18,����,53,38,52,14,19,1.1,
2017/3/17,����,56,40,62,23,36,1.2,
2017/3/16,����,44,30,41,12,18,1,
2017/3/15,����,49,27,30,11,15,0.8,
2017/3/14,����,43,16,23,8,9,0.7,
2017/3/13,����,59,10,15,8,9,0.9,
2017/3/12,����,75,55,63,12,19,1.1,
2017/3/11,����,75,52,76,24,23,1.1,
2017/3/10,����,71,52,76,20,23,1.1,
2017/3/9,����,61,44,67,23,28,1.1,
2017/3/8,����,60,36,64,16,29,1.1,
2017/3/7,����,61,37,70,18,29,1.1,
2017/3/6,����,70,45,76,18,28,1.1,
2017/3/5,����,67,47,84,20,36,1.2,
2017/3/4,����,67,47,85,22,35,1.2,
2017/3/3,����,66,40,83,33,35,1.2,
2017/3/2,����,55,27,61,25,26,1.1,
2017/3/1,����,58,29,67,25,23,1.1,
2017/1/31,����,76,56,76,13,10,1.2,
2017/1/30,����,97,73,103,10,9,1.3,
2017/1/29,����,98,74,98,11,10,1.6,
2017/1/28,����,317,246,434,53,17,1.9,
2017/1/27,����,289,239,293,40,25,2.3,
2017/1/26,����,175,133,155,23,26,2,
2017/1/25,����,151,116,138,24,27,1.7,
2017/1/24,����,152,117,133,31,32,1.8,
2017/1/23,����,117,89,120,35,40,2,
2017/1/22,����,101,76,107,28,34,1.7,
2017/1/21,����,98,74,117,33,41,1.6,
2017/1/20,����,86,64,113,27,34,1.3,
2017/1/19,����,124,95,141,30,44,1.6,
2017/1/18,����,124,95,124,34,34,1.6,
2017/1/17,����,123,94,134,33,42,1.8,
2017/1/16,����,142,109,154,37,46,1.9,
2017/1/15,����,111,84,118,24,31,1.5,
2017/1/14,����,85,63,93,25,31,1.4,
2017/1/13,����,71,52,81,23,29,1.3,
2017/1/12,����,58,42,62,21,22,1.1,
2017/1/11,����,55,39,51,16,21,1.1,
2017/1/10,����,58,42,52,15,28,1.5,
2017/1/9,����,96,72,107,27,39,2.6,
2017/1/8,����,70,51,69,22,27,2.4,
2017/1/7,����,51,26,39,16,30,2.1,
2017/1/6,����,53,10,16,10,21,2.2,
2017/1/5,����,93,69,90,22,31,2.3,
2017/1/4,����,94,70,99,27,32,2.2,
2017/1/3,����,72,52,75,18,30,1.9,
2017/1/2,����,152,116,146,28,40,2.4,
2017/1/1,����,200,150,180,36,47,2.7,
2017/5/31,����,69,33,53,15,16,0.8,
2017/5/30,����,70,37,47,16,16,0.7,
2017/5/29,����,82,61,81,17,26,0.9,
2017/5/28,����,128,45,66,20,20,0.9,
2017/5/27,����,116,37,55,20,19,0.8,
2017/5/26,����,120,33,56,16,21,0.8,
2017/5/25,����,90,38,59,17,19,0.8,
2017/5/24,����,56,27,49,14,19,0.7,
2017/5/23,����,50,13,27,9,12,0.5,
2017/5/22,����,70,51,70,11,18,0.8,
2017/5/21,����,82,61,82,17,23,0.9,
2017/5/20,����,85,43,67,12,16,0.8,
2017/5/19,����,92,44,66,16,19,0.8,
2017/5/18,����,57,40,65,20,22,0.8,
2017/5/17,����,95,29,55,18,20,0.7,
2017/5/16,����,76,20,37,14,16,0.5,
2017/5/15,����,49,22,39,11,15,0.4,
2017/5/14,����,44,28,44,14,19,0.4,
2017/5/13,����,100,31,61,19,20,0.7,
2017/5/12,����,77,25,55,12,19,0.7,
2017/5/11,����,36,21,36,10,15,0.5,
2017/5/10,����,60,35,61,15,19,0.7,
2017/5/9,����,58,27,59,12,19,0.7,
2017/5/8,����,59,22,45,10,16,0.5,
2017/5/7,����,50,25,50,8,19,0.5,
2017/5/6,����,59,29,68,7,15,0.5,
2017/5/5,����,69,33,89,10,24,0.7,
2017/5/4,����,58,17,67,7,13,0.5,
2017/5/3,����,49,16,28,6,14,0.5,
2017/5/2,����,80,27,44,8,12,0.6,
2017/5/1,����,91,24,39,8,15,0.8,
2016/9/30,����,62,34,49,18,19,0.7,
2016/9/29,����,47,30,46,22,19,0.7,
2016/9/28,����,38,24,34,24,14,0.8,
2016/9/27,����,32,22,30,20,22,1,
2016/9/26,����,46,32,44,22,30,1,
2016/9/25,����,43,28,43,22,30,0.8,
2016/9/24,����,52,36,51,20,33,0.8,
2016/9/23,����,55,37,52,26,28,0.6,
2016/9/22,����,42,25,42,19,16,0.4,
2016/9/21,����,50,24,36,17,17,0.5,
2016/9/20,����,36,25,32,23,22,0.6,
2016/9/19,����,57,40,50,18,22,0.6,
2016/9/18,����,87,64,84,31,24,0.6,
2016/9/17,����,97,57,78,26,24,0.6,
2016/9/16,����,72,45,60,25,17,0.4,
2016/9/15,����,52,36,42,12,14,0.3,
2016/9/14,����,82,60,81,21,23,0.6,
2016/9/13,����,67,48,62,25,20,0.6,
2016/9/12,����,58,41,66,38,22,0.6,
2016/9/11,����,85,26,46,30,18,0.5,
2016/9/10,����,82,26,40,20,16,0.5,
2016/9/9,����,56,37,61,38,20,0.6,
2016/9/8,����,84,25,41,34,18,0.6,
2016/9/7,����,69,30,44,22,16,0.4,
2016/9/6,����,58,36,50,21,14,0.4,
2016/9/5,����,85,44,70,34,21,0.6,
2016/9/4,����,90,32,53,22,17,0.5,
2016/9/3,����,54,33,54,30,19,0.6,
2016/9/2,����,91,29,50,24,19,0.6,
2016/9/1,����,68,36,52,24,15,0.6,
2016/10/31,����,52,28,54,24,22,0.8,
2016/10/30,����,30,18,30,12,20,0.6,
2016/10/29,����,27,10,17,14,12,0.4,
2016/10/28,����,31,12,12,8,10,0.4,
2016/10/27,����,32,14,20,17,25,1,
2016/10/26,����,38,22,34,28,30,1.1,
2016/10/25,����,28,14,27,28,20,0.8,
2016/10/24,����,25,4,11,24,15,0.6,
2016/10/23,����,28,5,12,22,14,0.8,
2016/10/22,����,30,12,22,18,14,0.8,
2016/10/21,����,36,18,36,13,22,1.1,
2016/10/20,����,42,28,42,16,16,0.8,
2016/10/19,����,51,32,51,17,18,0.7,
2016/10/18,����,48,30,48,18,19,0.7,
2016/10/17,����,44,28,44,20,19,0.7,
2016/10/16,����,38,20,38,19,21,0.8,
2016/10/15,����,30,20,30,19,24,0.7,
2016/10/14,����,31,14,24,31,20,0.6,
2016/10/13,����,36,22,36,28,26,0.6,
2016/10/12,����,42,29,41,36,26,0.7,
2016/10/11,����,32,21,32,14,20,0.7,
2016/10/10,����,32,22,28,15,19,0.6,
2016/10/9,����,38,22,38,30,24,0.6,
2016/10/8,����,50,32,50,23,22,0.6,
2016/10/7,����,74,54,70,22,29,0.8,
2016/10/6,����,61,43,72,32,24,0.6,
2016/10/5,����,74,52,97,30,24,0.6,
2016/10/4,����,70,43,90,18,14,0.5,
2016/10/3,����,59,35,52,24,18,0.7,
2016/10/2,����,65,38,56,30,20,0.7,
2016/10/1,����,54,36,54,23,22,0.8,
2016/4/30,����,79,36,53,18,14,1.1,
2016/4/29,����,89,37,62,17,16,1.3,
2016/4/28,����,84,31,54,16,15,1.4,
2016/4/27,����,70,26,48,9,14,1.4,
2016/4/26,����,69,35,48,13,14,1.5,
2016/4/25,����,60,36,52,10,17,1.5,
2016/4/24,����,69,36,52,13,16,1.5,
2016/4/23,����,51,34,51,13,18,1.5,
2016/4/22,����,62,44,66,20,19,1.5,
2016/4/21,����,55,34,59,16,18,1.4,
2016/4/20,����,45,31,45,14,15,1.4,
2016/4/19,����,69,30,56,20,16,1.3,
2016/4/18,����,60,26,56,16,14,1.3,
2016/4/17,����,51,24,52,14,16,1.3,
2016/4/16,����,50,13,32,6,9,1.3,
2016/4/15,����,42,21,37,6,6,1.3,
2016/4/14,����,39,26,36,8,9,1.3,
2016/4/13,����,69,50,84,19,18,1.3,
2016/4/12,����,65,46,75,25,22,1.4,
2016/4/11,����,75,32,54,22,18,1.2,
2016/4/10,����,55,36,58,17,18,1.3,
2016/4/9,����,64,46,73,28,22,1.4,
2016/4/8,����,70,51,90,28,30,1.6,
2016/4/7,����,45,26,45,16,17,1.4,
2016/4/6,����,64,46,62,20,24,1.5,
2016/4/5,����,67,48,69,26,24,1.4,
2016/4/4,����,54,24,46,22,18,1.1,
2016/4/3,����,64,46,70,15,14,1.5,
2016/4/2,����,80,48,80,22,25,1.5,
2016/4/1,����,80,58,78,28,26,1.4,
2017/2/28,����,62,43,74,24,32,1.4,
2017/2/27,����,63,44,76,22,31,1.5,
2017/2/26,����,56,39,63,20,27,1.2,
2017/2/25,����,55,36,60,24,27,1.1,
2017/2/24,����,53,31,57,24,22,1,
2017/2/23,����,55,37,61,17,21,1.1,
2017/2/22,����,75,55,66,20,27,1.3,
2017/2/21,����,59,39,68,10,19,1,
2017/2/20,����,82,61,115,26,26,1.4,
2017/2/19,����,138,106,149,30,47,2.1,
2017/2/18,����,139,107,157,34,50,1.8,
2017/2/17,����,117,89,130,26,32,1.6,
2017/2/16,����,88,66,87,19,29,1.4,
2017/2/15,����,129,99,123,31,45,1.7,
2017/2/14,����,101,76,103,27,42,1.7,
2017/2/13,����,71,52,72,20,27,1.5,
2017/2/12,����,88,66,79,20,25,1.2,
2017/2/11,����,72,53,75,22,25,1.2,
2017/2/10,����,57,41,61,20,27,1.1,
2017/2/9,����,67,49,70,17,24,1.2,
2017/2/8,����,66,48,61,12,20,1.1,
2017/2/7,����,65,47,37,8,16,1.1,
2017/2/6,����,62,45,46,11,17,1.4,
2017/2/5,����,71,52,69,20,25,1.6,
2017/2/4,����,95,71,93,21,27,1.7,
2017/2/3,����,109,83,104,21,28,1.5,
2017/2/2,����,88,66,88,15,13,1.1,
2017/2/1,����,96,72,91,14,16,1.4,
2017/7/31,����,71,14,28,10,11,0.9,
2017/7/30,����,75,10,27,9,13,0.8,
2017/7/29,����,64,13,25,8,10,0.7,
2017/7/28,����,47,14,28,8,10,0.7,
2017/7/27,����,64,17,35,8,11,0.7,
2017/7/26,����,62,18,34,9,13,0.7,
2017/7/25,����,62,16,31,9,11,0.7,
2017/7/24,����,65,16,31,9,12,0.6,
2017/7/23,����,55,12,25,8,9,0.6,
2017/7/22,����,43,11,21,8,9,0.6,
2017/7/21,����,66,13,25,8,9,0.6,
2017/7/20,����,63,13,27,8,8,0.8,
2017/7/19,����,50,13,24,8,8,0.9,
2017/7/18,����,44,25,36,10,12,0.9,
2017/7/17,����,33,17,29,8,11,0.9,
2017/7/16,����,59,13,21,7,11,0.9,
2017/7/15,����,70,11,30,8,10,0.7,
2017/7/14,����,50,12,24,8,9,0.8,
2017/7/13,����,53,19,39,8,8,0.6,
2017/7/12,����,97,17,38,9,11,0.5,
2017/7/11,����,87,23,44,7,12,0.7,
2017/7/10,����,85,26,51,7,15,0.8,
2017/7/9,����,62,21,40,7,14,0.7,
2017/7/8,����,47,21,42,8,16,0.7,
2017/7/7,����,65,9,25,8,12,0.5,
2017/7/6,����,45,26,45,7,17,1,
2017/7/5,����,62,45,65,10,22,1.1,
2017/7/4,����,120,40,60,10,15,1.1,
2017/7/3,����,123,34,53,10,14,1,
2017/7/2,����,116,26,46,9,14,0.9,
2017/7/1,����,82,28,43,8,13,0.9,
2017/12/31,����,92,60,134,21,42,1.2,
2017/12/30,����,110,72,170,20,44,1.4,
2017/12/29,����,195,146,204,44,57,2,
2017/12/28,����,155,118,173,33,58,1.7,
2017/12/27,����,129,98,156,34,60,1.7,
2017/12/26,����,114,86,148,31,57,1.9,
2017/12/25,����,99,74,134,22,54,1.5,
2017/12/24,����,158,120,168,26,52,1.9,
